Time,Xinitial,Xfinal,Xchange,CustCostInitial,CustCostFinal,CustCostChange,CO2Initial,CO2Final,CO2Change,NOXInitial,NOXFinal,NOXChange,NOXChangeDAC,NOXChangeCost,CO2ChangeCost,RedCurtProp,SolarNonCurt,ChangeCurtCost
intervention hours,153.29424825174826,214.8148975731428,61.52064932139456,38.524834070707065,43.37897490345797,4.8541408327509075,26.717914827480843,33.35150784936184,6.633593021880995,0.09549709692877405,0.1177627733724718,0.02226567644369776,0,0.48828628441029187,0.3316796510940498,"NA","NA","NA"
peak period,135.93054755244756,181.93621525066254,46.005667698215,26.49558397047397,37.66854816324421,11.172964192770241,30.775885392921708,49.50715613727389,18.731270744352177,0.11081812166576006,0.15746253205429708,0.04664441038853702,0.008162771817993977,1.022911919820617,0.9365635372176089,"NA","NA","NA"
other,453.0379065268065,511.25282198545483,58.21491545864831,45.96061107536907,57.667930291266956,11.707319215897883,95.22322488989869,104.57103943927257,9.347814549373881,0.35014842282479874,0.3833379193353247,0.03318949651052594,0,0.7278456584758338,0.4673907274686941,"NA","NA","NA"
Total,742.2627023310023,908.0039348092602,165.74123247825787,110.9810291165501,138.71545335796915,27.73442424141905,152.71702511030125,187.4297034259083,34.71267831560705,0.5564636414193329,0.6585632247620936,0.10209958334276072,0,2.2390438627067426,1.7356339157803526,0.000374406524658753,0,-13.6052778946809
