Time,Xinitial,Xfinal,Xchange,CustCostInitial,CustCostFinal,CustCostChange,CO2Initial,CO2Final,CO2Change,NOXInitial,NOXFinal,NOXChange,NOXChangeDAC,NOXChangeCost,CO2ChangeCost,RedCurtProp,SolarNonCurt,ChangeCurtCost
intervention hours,243.73843795648796,447.0282507899684,203.28981283348043,25.745312010489513,24.922959036598236,-0.8223529738912774,42.521160943124244,64.44131131063179,21.92015036750754,0.15197654134236566,0.22555159698268457,0.07357505564031891,0,1.6135009701921936,1.096007518375377,"NA","NA","NA"
peak period,202.78068189588188,358.5185306855277,155.73784878964582,20.091869522921524,36.26899890431323,16.177129381391705,45.69539915544776,109.54330641052427,63.84790725507651,0.16448593598347716,0.32238604906571844,0.15790011308224128,0.027632519789392223,3.462749479893551,3.1923953627538255,"NA","NA","NA"
other,483.6070534576535,688.5475298724227,204.94047641476922,40.25296508197358,61.24172076373587,20.988755681762292,98.88780824734094,135.06840643872468,36.18059819138374,0.3621122009676352,0.4920462838148098,0.1299340828471746,0,2.849454436838539,1.8090299095691869,"NA","NA","NA"
Total,930.1261733100233,1494.0943113479188,563.9681380378955,86.09014661538461,122.43367870464733,36.34353208926272,187.10436834591295,309.05302415988075,121.94865581396778,0.6785746782934781,1.0399839298632128,0.36140925156973475,0,7.925704886924283,6.097432790698389,0.000738596315320167,0,-42.0863628712319
