Time,Xinitial,Xfinal,Xchange,CustCostInitial,CustCostFinal,CustCostChange,CO2Initial,CO2Final,CO2Change,NOXInitial,NOXFinal,NOXChange,NOXChangeDAC,NOXChangeCost,CO2ChangeCost,RedCurtProp,SolarNonCurt,ChangeCurtCost
intervention hours,252.65110089186174,463.40173898010073,210.75063808823896,26.693624721293197,25.848223257933746,-0.8454014633594511,44.09794853039686,66.8225780263493,22.724629495952435,0.1576043951304961,0.2338796875686677,0.07627529243817162,0,1.6727171631691036,1.1362314747976219,"NA","NA","NA"
peak period,183.90933946488295,325.9928844795446,142.0835450146617,18.24768085284281,33.0263515927004,14.778670739857592,41.292884797547885,100.08072078383219,58.78783598628431,0.14859889248301839,0.29265512543666367,0.14405623295364525,0.02520984076688792,3.1591531886734403,2.9393917993142153,"NA","NA","NA"
other,563.1153678929766,745.5550420109491,182.43967411797252,45.16696337792642,64.95893033548126,19.791966957554834,116.50185108387831,146.86966422032307,30.36781313644477,0.42768083944551283,0.5359810557849588,0.10830021633944596,0,2.37502374432405,1.5183906568222385,"NA","NA","NA"
Total,999.6758082497213,1534.9496654705945,535.2738572208732,90.10826895206243,123.8335051861154,33.72523623405297,201.89268441182304,313.77296303050457,111.88027861868152,0.7338841270590273,1.0625158687902903,0.32863174173126286,0,7.206894096166595,5.594013930934076,0.000607165450240452,0,-45.1694665051882
