Time,Xinitial,Xfinal,Xchange,CustCostInitial,CustCostFinal,CustCostChange,CO2Initial,CO2Final,CO2Change,NOXInitial,NOXFinal,NOXChange,NOXChangeDAC,NOXChangeCost,CO2ChangeCost,RedCurtProp,SolarNonCurt,ChangeCurtCost
intervention hours,110.93513913043479,203.59024715889856,92.65510802846379,11.919967304347827,11.711483434401856,-0.20848386994597057,19.580580595298393,29.571311916229035,9.990731320930642,0.06993906611104349,0.10347298811892115,0.033533922007877665,0,0.7353989096327572,0.4995365660465321,"NA","NA","NA"
peak period,183.5721695652174,343.63647269197935,160.06430312676196,18.706168304347827,35.68155197319677,16.97538366884894,39.851453219403446,108.41539995846742,68.56394673906398,0.14308408175633044,0.30537071766770435,0.1622866359113739,0.02840016128449043,3.5589459255364297,3.428197336953199,"NA","NA","NA"
other,263.03181739130434,333.2341264924877,70.20230910118336,21.17058260869565,29.388111247819324,8.217528639123675,59.626664648346235,72.95951522187165,13.332850573525425,0.21925455252725654,0.2666861227804431,0.04743157025318661,0,1.0401743356523823,0.6666425286762713,"NA","NA","NA"
Total,557.5391260869566,880.4608463433656,322.92172025640906,51.7967182173913,76.78114665541794,24.98442843802664,119.05869846304807,210.94622709656812,91.88752863352005,0.4322777003946304,0.6755298285670687,0.2432521281724382,0,5.33451917082157,4.594376431676003,0.000304923537340859,0,-22.6844816369359
