Time,Xinitial,Xfinal,Xchange,CustCostInitial,CustCostFinal,CustCostChange,CO2Initial,CO2Final,CO2Change,NOXInitial,NOXFinal,NOXChange,NOXChangeDAC,NOXChangeCost,CO2ChangeCost,RedCurtProp,SolarNonCurt,ChangeCurtCost
intervention hours,72.10661719605696,132.28292554388244,60.17630834782548,7.69580008652793,7.5167130071169925,-0.17908707941093738,12.655709805574984,19.144346442897874,6.488636637322888,0.045221132270439654,0.06700026214030134,0.021779129869861694,0,0.47761631804606697,0.32443183186614444,"NA","NA","NA"
peak period,161.44002102957282,285.5294313096273,124.08941028005447,15.99693200657174,28.899425443235778,12.902493436664038,36.262437612002174,88.30678797209185,52.04435036008967,0.13049080779596242,0.2563030754483452,0.12581226765238276,0.022017146839166984,2.759063029616754,2.6022175180044838,"NA","NA","NA"
other,235.0058525739321,289.9051611529002,54.8993085789681,18.56906416757941,25.149945987888596,6.5808818203091874,53.100723149735174,63.269425298398495,10.168702148663323,0.19546475158968182,0.2315305368378319,0.036065785248150066,0,0.790922670491931,0.5084351074331662,"NA","NA","NA"
Total,468.5524907995619,707.7175180064099,239.16502720684807,42.26179626067908,61.56608443824137,19.30428817756229,102.01887056731233,170.72055971338824,68.70168914607589,0.3711766916560839,0.5548338744264785,0.18365718277039453,0,4.027602018154752,3.4350844573037946,0.000260995850701959,0,-14.8719481165662
