Time,Xinitial,Xfinal,Xchange,CustCostInitial,CustCostFinal,CustCostChange,CO2Initial,CO2Final,CO2Change,NOXInitial,NOXFinal,NOXChange,NOXChangeDAC,NOXChangeCost,CO2ChangeCost,RedCurtProp,SolarNonCurt,ChangeCurtCost
intervention hours,30.625288061336253,43.050991053706426,12.42570299237017,8.41771534720701,9.69303001821673,1.2753146710097205,5.422386120019586,6.762213601871074,1.3398274818514886,0.019363281860009636,0.023860417138414233,0.0044971352784045964,0,0.0986221766554128,0.06699137409257443,"NA","NA","NA"
peak period,81.82809901423877,112.89232302906348,31.0642240148247,17.47745352902519,25.45981118474287,7.982357655717678,17.982695529107545,31.154968328335638,13.172272799228093,0.06461932854067383,0.09611484824172035,0.031495519701046526,0.0055117159476831415,0.6906967470439503,0.6586136399614047,"NA","NA","NA"
other,58.74048105147864,70.31437266222439,11.573891610745743,8.649571627601315,11.691259454509673,3.0416878269083583,12.479374528867886,14.572723275652676,2.0933487467847884,0.045617852957571085,0.05306182164269503,0.00744396868512395,0,0.16324623326476823,0.10466743733923943,"NA","NA","NA"
Total,171.19386812705366,226.2576867449943,55.06381861794061,34.544740503833516,46.84410065746927,12.299360153635753,35.88445617799502,52.48990520585939,16.60544902786437,0.12960046335825454,0.17303708702282963,0.043436623664575076,0,0.9525651569641314,0.8302724513932186,0.000101683296842691,0,-3.6949930614939
