Time,Xinitial,Xfinal,Xchange,CustCostInitial,CustCostFinal,CustCostChange,CO2Initial,CO2Final,CO2Change,NOXInitial,NOXFinal,NOXChange,NOXChangeDAC,NOXChangeCost,CO2ChangeCost,RedCurtProp,SolarNonCurt,ChangeCurtCost
intervention hours,10.249128571428571,14.387102350528655,4.137973779100084,2.641115987012987,2.996361389731092,0.3552454027181051,1.7893147586196572,2.2355004586821385,0.44618570006248126,0.006392728541181818,0.007890352287261279,0.0014976237460794604,0,0.03284288875152257,0.022309285003124065,"NA","NA","NA"
peak period,36.45479090909091,46.82502810000454,10.37023719091363,6.214372090909091,8.48919562036833,2.2748235294592387,8.52886836153291,12.571421020106843,4.042552658573933,0.03077600897230779,0.041290226536380065,0.010514217564072274,0.0018399880737126478,0.23057679118010496,0.20212763292869665,"NA","NA","NA"
other,40.11450909090909,42.94621804690696,2.831708955997865,4.057706298701299,4.9086511899335585,0.8509448912322597,9.439117795913063,9.981796277981452,0.5426784820683882,0.03482065501991948,0.036727120649706874,0.001906465629787398,0,0.04180879126123764,0.027133924103419412,"NA","NA","NA"
Total,86.81842857142857,104.15834849744014,17.33991992601158,12.913194376623377,16.39420820003298,3.4810138234096044,19.75730091606563,24.788717756770435,5.031416840704803,0.0719893925334091,0.08590769947334823,0.013918306939939134,0,0.30522847119286517,0.25157084203524016,3.05269589610927e-05,0,-1.10929626646793
