Time,Xinitial,Xfinal,Xchange,CustCostInitial,CustCostFinal,CustCostChange,CO2Initial,CO2Final,CO2Change,NOXInitial,NOXFinal,NOXChange,NOXChangeDAC,NOXChangeCost,CO2ChangeCost,RedCurtProp,SolarNonCurt,ChangeCurtCost
intervention hours,10.101163133640553,14.184074734245556,4.082911600605003,2.6323502857142858,2.994710758741345,0.3623604730270591,1.7650913736535077,2.2053398788543688,0.4402485052008609,0.006305847028475576,0.00778354256078974,0.001477695532314164,0,0.03240586302364962,0.022012425260043045,"NA","NA","NA"
peak period,28.639255299539172,36.796741082083585,8.157485782544416,4.8640428571428576,6.641963591157435,1.777920734014577,6.71624754856876,9.833206387460054,3.116958838891294,0.024241139950261753,0.03251188426541102,0.008270744315149263,0.0014473802551511208,0.18137742283122332,0.15584794194456472,"NA","NA","NA"
other,42.848659907834104,45.49417536764995,2.6455154598158472,4.198744811059908,5.031465563949214,0.8327207528893066,10.07846444280424,10.570739652394918,0.49227520959067855,0.037191427301944704,0.038909403071419046,0.0017179757694743467,0,0.03767520862457242,0.02461376047953393,"NA","NA","NA"
Total,81.58907834101383,96.4749911839791,14.885912842965265,11.695137953917051,14.668139913847993,2.973001959930942,18.559803365026507,22.609285918709343,4.049482553682833,0.06773841428068203,0.0792048298976198,0.011466415616937772,0,0.25145849447944535,0.20247412768414166,2.76598082096081e-05,0,-1.00510902567279
