Time,Xinitial,Xfinal,Xchange,CustCostInitial,CustCostFinal,CustCostChange,CO2Initial,CO2Final,CO2Change,NOXInitial,NOXFinal,NOXChange,NOXChangeDAC,NOXChangeCost,CO2ChangeCost,RedCurtProp,SolarNonCurt,ChangeCurtCost
intervention hours,0,0,0,0,0,0,0,0,0,0,0,0,0,0,0,"NA","NA","NA"
peak period,28.639255299539172,28.639255299539172,0,4.8640428571428576,4.8640428571428576,0,6.71624754856876,6.71624754856876,0,0.024241139950261753,0.024241139950261753,0,0,0,0,"NA","NA","NA"
other,52.94982304147466,52.94982304147466,0,6.8310950967741935,6.8310950967741935,0,11.843555816457748,11.843555816457748,0,0.04349727433042028,0.04349727433042028,0,0,0,0,"NA","NA","NA"
Total,81.58907834101383,81.58907834101383,0,11.695137953917051,11.695137953917051,0,18.559803365026507,18.559803365026507,0,0.06773841428068203,0.06773841428068203,0,0,0,0,0,0,0
