Time,Xinitial,Xfinal,Xchange,CustCostInitial,CustCostFinal,CustCostChange,CO2Initial,CO2Final,CO2Change,NOXInitial,NOXFinal,NOXChange,NOXChangeDAC,NOXChangeCost,CO2ChangeCost,RedCurtProp,SolarNonCurt,ChangeCurtCost
intervention hours,1034.6257227093668,1898.456947001276,863.831224291909,109.16621976459001,105.63745096656662,-3.5287687980233926,180.194458448007,273.3388716613594,93.14441321335244,0.6440697863944331,0.9567093107526095,0.3126395243581763,0,6.856184769174806,4.657220660667622,"NA","NA","NA"
peak period,286.6460452801284,543.813532174794,257.16748689466556,29.450694219069156,56.851197552645104,27.400503333575948,61.61708100679162,171.56508219502274,109.9480011882311,0.22108396990068352,0.4818219701833946,0.2607380002827111,0.04562915004947444,5.717984346199854,5.4974000594115555,"NA","NA","NA"
other,2622.140512146192,3508.644139530027,886.5036273838351,209.62100603166033,303.36221090155186,93.74120486989153,530.0296285644625,673.5950046545636,143.565376090101,1.9459502365699888,2.4591781817746403,0.5132279452046516,0,11.255088838338011,7.178268804505051,"NA","NA","NA"
Total,3943.412280135687,5950.914618706097,2007.5023385704098,348.2379200153195,465.8508594207636,117.61293940544408,771.8411680192612,1118.4989585109458,346.6577904916845,2.8111039928651054,3.8977094627106443,1.086605469845539,0,23.82925795371267,17.33288952458423,0.00249785631867792,0,-185.825522971725
