Time,Xinitial,Xfinal,Xchange,CustCostInitial,CustCostFinal,CustCostChange,CO2Initial,CO2Final,CO2Change,NOXInitial,NOXFinal,NOXChange,NOXChangeDAC,NOXChangeCost,CO2ChangeCost,RedCurtProp,SolarNonCurt,ChangeCurtCost
intervention hours,1251.263321,1145.3552,-105.9081214,131.716733,62.277598,-69.43913495,218.3124374,206.8926721,-11.41976527,0.780339171,0.742008692,-0.038330479,0,-0.840587407,-0.570988264,NA,NA,NA
peak period (17-21),457.7421103,411.531,-46.21111034,46.70125549,42.049148,-4.65210749,99.30396426,76.68120555,-22.62275872,0.356534526,0.30968182,-0.046852705,-0.008199223,-1.027479829,-1.131137936,NA,NA,NA
other,2536.166402,2567.1316,30.96519759,215.4685371,210.067813,-5.400724064,492.0995152,516.6855065,24.58599125,1.79726345,1.895262746,0.097999296,0,2.149124554,1.229299563,NA,NA,NA
Total,4245.171834,4124.0178,-121.1540341,393.8865255,314.394559,-79.49196651,809.7159168,800.2593841,-9.456532739,2.934137147,2.946953258,0.012816111,0,0.281057318,-0.472826637,-0.000468093,0,26.67265024
,,,,,,,,,,,,,,,,,,
,,,,,,,,,,,,,,,,neg = bad (increase curtail),,
,,,,,,,,,,,,,,,,pos = good (decrease curtial),,
