Time,Xinitial,Xfinal,Xchange,CustCostInitial,CustCostFinal,CustCostChange,CO2Initial,CO2Final,CO2Change,NOXInitial,NOXFinal,NOXChange,NOXChangeDAC,NOXChangeCost,CO2ChangeCost,RedCurtProp,SolarNonCurt,ChangeCurtCost
intervention hours,1574.1699849298352,2883.4532967410105,1309.2833118111755,165.70814790787063,159.7353956888055,-5.972752219065114,274.6511308793872,415.8273495425321,141.17621866314488,0.9817170219479744,1.4555754567252985,0.47385843477732426,0,10.391715474666722,7.058810933157244,"NA","NA","NA"
peak period,575.8691065588773,1078.0625841888877,502.19347763001036,58.753192390176935,112.02914602859484,53.2759536384179,124.93079375034633,338.2013274951312,213.27053374478487,0.4485434357230467,0.9577093675964722,0.5091659318734254,0.08910403807784945,11.166008885984219,10.663526687239244,"NA","NA","NA"
other,3190.660957870653,4819.017590555233,1628.3566326845803,271.07332082214765,431.1659774332815,160.09265661113386,619.092938500415,901.6311476570908,282.53820915667575,2.261073372742783,3.278558714881811,1.0174853421390282,0,22.31345355310889,14.126910457833787,"NA","NA","NA"
Total,5340.700049359365,8780.53347148513,3439.833422125766,495.5346611201952,702.9305191506819,207.3958580304867,1018.6748631301485,1655.659824694754,636.9849615646054,3.691333830413804,5.691843539203582,2.000509708789778,0,43.87117791375983,31.849248078230275,0.00487459369133568,0,-277.761904152529
