Time,Xinitial,Xfinal,Xchange,CustCostInitial,CustCostFinal,CustCostChange,CO2Initial,CO2Final,CO2Change,NOXInitial,NOXFinal,NOXChange,NOXChangeDAC,NOXChangeCost,CO2ChangeCost,RedCurtProp,SolarNonCurt,ChangeCurtCost
intervention hours,951.5999062843197,1333.6079268315773,382.00802054725756,239.3285273996339,269.5552360835576,30.226708683923675,165.7569086821976,206.94772456852473,41.19081588632713,0.5924622007384004,0.730719307550905,0.13825710681250453,0,3.0319783523982244,2.0595407943163564,"NA","NA","NA"
peak period,283.65410640634536,396.9752378666783,113.32113146033291,63.21112798169616,92.90297729522064,29.69184931352448,61.57370369030634,109.55625665776958,47.98255296746324,0.2210844888659545,0.3359789709154827,0.11489448204952818,0.02010653435866743,2.519635991346153,2.3991276483731623,"NA","NA","NA"
other,2636.311103721782,3067.320973956138,431.0098702343565,273.1891448907871,348.8292185831633,75.64007369237623,532.0508280851316,601.8796014822985,69.82877339716691,1.9530858425787405,2.2027991640518954,0.24971332147315478,0,5.476213139906284,3.4914386698583457,"NA","NA","NA"
Total,3871.5651164124465,4797.904138654394,926.339022241947,575.7288002721172,711.2874319619415,135.55863168982432,759.3814404576354,918.3835827085928,159.0021422509573,2.7666325321830953,3.2694974425182832,0.5028649103351875,0,11.027827483650663,7.950107112547865,0.00222775016117047,0,-80.9525422941527
