Time,Xinitial,Xfinal,Xchange,CustCostInitial,CustCostFinal,CustCostChange,CO2Initial,CO2Final,CO2Change,NOXInitial,NOXFinal,NOXChange,NOXChangeDAC,NOXChangeCost,CO2ChangeCost,RedCurtProp,SolarNonCurt,ChangeCurtCost,PropDemandChange,PropCO2Change,PropNOXChange,PropCustCostChange
intervention hours,1251.2633213544843,1145.3552,-105.90812135448436,131.71673295240998,62.277598,-69.43913495240999,218.31243736566677,206.892672091289,-11.419765274377756,0.7803391712919796,0.742008692195122,-0.03833047909685769,0,-0.8405874065940891,-0.5709882637188878,"NA","NA","NA",-0.08464095410376092,-0.05230927478149123,-0.04912028065103446,-0.5271853727005114
peak period (17-21),457.7421103416718,411.53099999999995,-46.211110341671784,46.70125548962782,42.049148,-4.6521074896278165,99.30396426309579,76.68120554596683,-22.622758717128967,0.3565345258311397,0.30968182043348413,-0.046852705397655556,-0.008199223444589721,-1.0274798293705862,-1.1311379358564484,"NA","NA","NA",-0.10095446605770768,-0.2278132487963145,-0.13141141180769048,-0.09961418469062427
other,2536.166402410006,2567.1315999999997,30.965197589993938,215.4685370637584,210.06781299999997,-5.4007240637584175,492.0995152182786,516.6855064703321,24.585991252053486,1.7972634501288787,1.8952627458181,0.09799929568922117,0,2.14912455446462,1.2292995626026744,"NA","NA","NA",0.01220945027919662,0.049961421403042786,0.0545269507829772,-0.025065024051099914
Total,4245.171834106162,4124.0178,-121.15403410616221,393.8865255057962,314.39455899999996,-79.49196650579626,809.7159168470412,800.259384107588,-9.456532739453237,2.934137147251998,2.946953258446706,0.012816111194707916,0,0.2810573184999446,-0.4728266369726619,-0.000468092746486614,0,26.6726502385643,-0.028539253260091338,-0.011678827774901722,0.004367931883044731,-0.20181438398716306
