Time,Xinitial,Xfinal,Xchange,CustCostInitial,CustCostFinal,CustCostChange,CO2Initial,CO2Final,CO2Change,NOXInitial,NOXFinal,NOXChange,NOXChangeDAC,NOXChangeCost,CO2ChangeCost,RedCurtProp,SolarNonCurt,ChangeCurtCost
intervention hours,1019.0006777939889,1428.2696261624421,409.26894836845327,258.14840967566386,291.2726096340465,33.12419995838263,177.6018070384422,221.73208963325538,44.130282594813195,0.6347909874036903,0.7829144237350977,0.14812343633140734,0,3.248346958747763,2.20651412974066,"NA","NA","NA"
peak period,290.4828739859936,407.09541582086223,116.61254183486864,65.0338043605194,95.67174124856554,30.63793688804614,62.88926081235263,112.48035619004861,49.59109537769598,0.22576276955819588,0.3439943599238998,0.11823159036570395,0.020690528313998192,2.592818776719888,2.479554768884799,"NA","NA","NA"
other,2803.7340697257077,3232.97353079579,429.2394610700822,287.2309731940473,365.15954273239123,77.92856953834394,569.2266444137603,637.6983685643202,68.47172415055994,2.090746731282754,2.3350610550356654,0.24431432375291143,0,5.357813119901348,3.423586207527997,"NA","NA","NA"
Total,4113.21762150569,5068.338572779095,955.1209512734041,610.4131872302305,752.1038936150032,141.69070638477274,809.7177122645551,971.9108143876242,162.1931021230691,2.95130048824464,3.461969838694663,0.5106693504500227,0,11.198978855368997,8.109655106153456,0.00404024173992017,0,-89.983657995241
