Time,Xinitial,Xfinal,Xchange,CustCostInitial,CustCostFinal,CustCostChange,CO2Initial,CO2Final,CO2Change,NOXInitial,NOXFinal,NOXChange,NOXChangeDAC,NOXChangeCost,CO2ChangeCost,RedCurtProp,SolarNonCurt,ChangeCurtCost
intervention hours,17167.9748407775,12479.982585983527,-4687.992254793975,2604.174255795423,1838.0299829503397,-766.1442728450834,3557.946648058665,2443.3867723770036,-1114.5598756816612,12.960975527259148,8.557016728678013,-4.403958798581135,0,-96.57881645288428,-55.72799378408306,"NA","NA","NA"
peak period,3527.3637736421288,1520.9927376209353,-2006.3710360211933,684.8776638042459,638.8169498007928,-46.060714003453086,799.1553516994929,354.5882618493042,-444.5670898501887,2.877722191490952,0.9891581296894708,-1.8885640618014812,-0.33049871081525917,-41.41620987530648,-22.22835449250944,"NA","NA","NA"
other,0,0,0,0,0,0,0,0,0,0,0,0,0,0,0,"NA","NA","NA"
Total,17167.9748407775,12479.982585983527,-4687.992254793975,2604.174255795423,1838.0299829503397,-766.1442728450834,3557.946648058665,2443.3867723770036,-1114.5598756816612,12.960975527259148,8.557016728678013,-4.403958798581135,0,-96.57881645288428,-55.72799378408306,-0.000323605652757769,0,92.6106098025156
