Time,Xinitial,Xfinal,Xchange,CustCostInitial,CustCostFinal,CustCostChange,CO2Initial,CO2Final,CO2Change,NOXInitial,NOXFinal,NOXChange,NOXChangeDAC,NOXChangeCost,CO2ChangeCost,RedCurtProp,SolarNonCurt,ChangeCurtCost
intervention hours,186.3526870967742,220.64889341567095,34.29620631889678,47.10605496774193,44.43146215774681,-2.6745928099951257,32.504446991726816,36.202507357206514,3.698060365479696,0.11617574981913871,0.12858830140248648,0.01241255158334776,0,0.2722072562228164,0.1849030182739848,"NA","NA","NA"
peak period,188.53429032258066,199.6939503846495,11.15966006206886,36.606069741935485,39.82770881354581,3.2216390716103263,42.71410513880341,47.50939837112054,4.79529323231713,0.15381155614638709,0.16512615692875773,0.011314600782370626,0.0019800551369148593,0.24812919515738782,0.23976466161585652,"NA","NA","NA"
other,542.7252,372.47545994837776,-170.24974005162224,55.478550451612904,40.784112558239215,-14.694437893373689,114.95036418873143,80.63309825747463,-34.3172659312568,0.4227646980040129,0.2965334477988653,-0.12623125020514758,0,-2.7682513169988865,-1.71586329656284,"NA","NA","NA"
Total,917.6121774193548,792.8183037486982,-124.79387367065661,139.19067516129033,125.04328352953183,-14.147391631758495,190.16891631926165,164.3450039858017,-25.823912333459976,0.6927520039695387,0.5902479061301095,-0.1025040978394292,0,-2.2479148656186823,-1.291195616672999,-0.000100485333784047,0,3.65146118037816
