Time,Xinitial,Xfinal,Xchange,CustCostInitial,CustCostFinal,CustCostChange,CO2Initial,CO2Final,CO2Change,NOXInitial,NOXFinal,NOXChange,NOXChangeDAC,NOXChangeCost,CO2ChangeCost,RedCurtProp,SolarNonCurt,ChangeCurtCost
intervention hours,17167.9748407775,12489.871537073464,-4819.965990761195,2604.174255795423,1841.5410676213437,-762.6331881740794,3557.946648058665,2116.2527234474737,-1441.693924611191,12.960975527259148,8.276979607038884,-4.683995920220263,0,-102.72003053043036,-72.08469623055956,"NA","NA","NA"
peak period,3527.3637736421288,1528.3746663041363,-2140.8517943951488,684.8776638042459,641.9173598477372,-42.96030395650871,799.1553516994929,26.907795038803542,-772.2475566606894,2.877722191490952,0.7071468107824207,-2.1705753807085313,-0.37985069162399293,-47.60071809893809,-38.61237783303447,"NA","NA","NA"
other,0,0,0,0,0,0,0,0,0,0,0,0,0,0,0,"NA","NA","NA"
Total,17167.9748407775,12489.871537073464,-4819.965990761195,2604.174255795423,1841.5410676213437,-762.6331881740794,3557.946648058665,2116.2527234474737,-1441.693924611191,12.960975527259148,8.276979607038884,-4.683995920220263,0,-102.72003053043036,-72.08469623055956,-0.000337369884366429,0,96.5497062672342
