Time,Xinitial,Xfinal,Xchange,CustCostInitial,CustCostFinal,CustCostChange,CO2Initial,CO2Final,CO2Change,NOXInitial,NOXFinal,NOXChange,NOXChangeDAC,NOXChangeCost,CO2ChangeCost,RedCurtProp,SolarNonCurt,ChangeCurtCost
intervention hours,186.3526870967742,205.25007502947534,18.897387932701147,47.10605496774193,41.00769665912814,-6.09835830861379,32.504446991726816,34.542097473392815,2.0376504816659957,0.11617574981913871,0.12301513025451777,0.0068393804353790635,0,0.14998761294786286,0.10188252408329979,"NA","NA","NA"
peak period,188.53429032258066,187.61048301451885,-0.9238073080617925,36.606069741935485,36.4267020805453,-0.179367661390188,42.71410513880341,42.35025365140334,-0.3638514874000721,0.15381155614638709,0.15287492269766018,-9.366334487269223e-4,-1.6391085352721141e-4,-0.020540371530581407,-0.018192574370003607,"NA","NA","NA"
other,542.7252,367.4403493046832,-175.2848506953168,55.478550451612904,38.84508382976016,-16.63346662185274,114.95036418873143,80.06780833678782,-34.88255585194361,0.4227646980040129,0.2946989936998933,-0.12806570430411965,0,-2.808480895389344,-1.7441277925971805,"NA","NA","NA"
Total,917.6121774193548,760.3009073486774,-157.31127007067744,139.19067516129033,116.27948256943361,-22.911192591856718,190.16891631926165,156.96015946158397,-33.208756857677685,0.6927520039695387,0.5705890466520712,-0.1221629573174675,0,-2.6790336539720623,-1.6604378428838844,-0.000182982556355571,0,6.64926587848782
