Time,Xinitial,Xfinal,Xchange,CustCostInitial,CustCostFinal,CustCostChange,CO2Initial,CO2Final,CO2Change,NOXInitial,NOXFinal,NOXChange,NOXChangeDAC,NOXChangeCost,CO2ChangeCost,RedCurtProp,SolarNonCurt,ChangeCurtCost
intervention hours,186.3526870967742,203.72488958060842,17.372202483834222,47.10605496774193,40.74684716019459,-6.359207807547342,32.504446991726816,34.37764115405485,1.8731941623280337,0.11617574981913871,0.12246313208649295,0.006287382267354249,0,0.13788229312307868,0.09365970811640169,"NA","NA","NA"
peak period,188.53429032258066,187.53950457232466,-0.9947857502559878,36.606069741935485,36.41292081136244,-0.19314893057304516,42.71410513880341,42.322298025224235,-0.39180711357917425,0.15381155614638709,0.15280295879077455,-0.001008597355612542,-1.7650453723219484e-4,-0.022118540008583047,-0.019590355678958712,"NA","NA","NA"
other,542.7252,367.30133605140503,-175.42386394859497,55.478550451612904,38.8303876171987,-16.6481628344142,114.95036418873143,80.0375163818057,-34.912847806925726,0.4227646980040129,0.29458750059378896,-0.12817719741022393,0,-2.8109259392062107,-1.7456423903462863,"NA","NA","NA"
Total,917.6121774193548,758.5657302043381,-159.04644721501674,139.19067516129033,115.99015558875574,-23.20051957253459,190.16891631926165,156.7374555610848,-33.43146075817687,0.6927520039695387,0.5698535914710565,-0.12289841249848223,0,-2.695162186091715,-1.6715730379088436,-0.000187899115592318,0,6.82792503717254
