Time,Xinitial,Xfinal,Xchange,CustCostInitial,CustCostFinal,CustCostChange,CO2Initial,CO2Final,CO2Change,NOXInitial,NOXFinal,NOXChange,NOXChangeDAC,NOXChangeCost,CO2ChangeCost,RedCurtProp,SolarNonCurt,ChangeCurtCost
intervention hours,186.3526870967742,205.86337238002005,19.510685283245856,47.10605496774193,41.112362147738644,-5.9936928200032895,32.504446991726816,34.608227546299844,2.103780554573023,0.11617574981913871,0.12323709605822161,0.007061346239082906,0,0.15485532302308813,0.10518902772865116,"NA","NA","NA"
peak period,188.53429032258066,187.47893451137753,-1.0553558112031127,36.606069741935485,36.40116044739093,-0.20490929454455653,42.71410513880341,42.29844185243236,-0.415663286371055,0.15381155614638709,0.15274154777510124,-0.0010700083712858568,-1.8725146497502491e-4,-0.023465283582298838,-0.02078316431855275,"NA","NA","NA"
other,542.7252,367.18270790230474,-175.54249209769523,55.478550451612904,38.81784647846669,-16.660703973146212,114.95036418873143,80.01166648283984,-34.938697705891585,0.4227646980040129,0.29449235699774545,-0.12827234100626744,0,-2.813012438267445,-1.7469348852945794,"NA","NA","NA"
Total,917.6121774193548,760.5250147937023,-157.0871626256525,139.19067516129033,116.33136907359626,-22.859306087694065,190.16891631926165,156.91833588157203,-33.25058043768962,0.6927520039695387,0.5704710008310683,-0.12228100313847039,0,-2.6816223988266557,-1.662529021884481,-0.00018144472870955,0,6.59338391302981
