Time,Xinitial,Xfinal,Xchange,CustCostInitial,CustCostFinal,CustCostChange,CO2Initial,CO2Final,CO2Change,NOXInitial,NOXFinal,NOXChange,NOXChangeDAC,NOXChangeCost,CO2ChangeCost,RedCurtProp,SolarNonCurt,ChangeCurtCost
intervention hours,186.3526870967742,204.28669424633205,17.934007149557843,47.10605496774193,40.83972681635759,-6.266328151384343,32.504446991726816,34.438218920240885,1.933771928514067,0.11617574981913871,0.12266646155472098,0.006490711735582274,0,0.14234130836131925,0.09668859642570336,"NA","NA","NA"
peak period,188.53429032258066,187.3960008608644,-1.138289461716245,36.606069741935485,36.38505793898547,-0.22101180295001654,42.71410513880341,42.265777538314694,-0.44832760048871567,0.15381155614638709,0.15265746267378438,-0.0011540934726027132,-2.019663577054748e-4,-0.0253092698541775,-0.022416380024435786,"NA","NA","NA"
other,542.7252,367.02028004100396,-175.70491995899604,55.478550451612904,38.800674918782356,-16.677875532830548,114.95036418873143,79.97627232187794,-34.974091866853485,0.4227646980040129,0.2943620846219306,-0.1284026133820823,0,-2.815869311469065,-1.7487045933426744,"NA","NA","NA"
Total,917.6121774193548,758.7029751482004,-158.90920227115444,139.19067516129033,116.02545967412541,-23.165215487164915,190.16891631926165,156.68026878043352,-33.48864753882813,0.6927520039695387,0.569686008850436,-0.12306599511910275,0,-2.6988372729619234,-1.6744323769414067,-0.000186553502324917,0,6.77902780585843
