Time,Xinitial,Xfinal,Xchange,CustCostInitial,CustCostFinal,CustCostChange,CO2Initial,CO2Final,CO2Change,NOXInitial,NOXFinal,NOXChange,NOXChangeDAC,NOXChangeCost,CO2ChangeCost,RedCurtProp,SolarNonCurt,ChangeCurtCost,PropDemandChange,PropCO2Change,PropNOXChange,PropCustCostChange
intervention hours,186.3526870967742,204.27894682336856,17.926259726594367,47.10605496774193,40.83931248157351,-6.266742486168425,32.504446991726816,34.4373835381135,1.932936546386684,0.11617574981913871,0.1226636575919072,0.006487907772768486,0,0.1422798174568129,0.09664682731933422,"NA","NA","NA",0.09619533802206534,0.05946683378057975,0.055845628565933926,-0.13303475509591856
peak period,188.53429032258066,187.74469130890813,-0.7895990136725339,36.606069741935485,36.45276014232257,-0.15330959961291768,42.71410513880341,42.40311303788883,-0.3109921009145821,0.15381155614638709,0.15301099434000873,-8.005618063783635e-4,-1.400983161162136e-4,-0.017556320413877512,-0.015549605045729107,"NA","NA","NA",-0.00418809232167547,-0.007280782306078629,-0.0052048222281584925,-0.004188092321675495
other,542.7252,367.7031999822019,-175.02200001779812,55.478550451612904,38.87287189555708,-16.60567855605582,114.95036418873143,80.12508532802894,-34.82527886070248,0.4227646980040129,0.29490980840847025,-0.12785488959554264,0,-2.80385772883025,-1.7412639430351242,"NA","NA","NA",-0.3224873287951216,-0.3029592738264365,-0.3024256523763227,-0.29931709500122766
Total,917.6121774193548,759.7268381144786,-157.88533930487628,139.19067516129033,116.16494451945316,-23.02573064183717,190.16891631926165,156.9655819040313,-33.20333441523038,0.6927520039695387,0.5705844603403861,-0.12216754362915253,0,-2.679134231787315,-1.6601667207615192,-0.000185620899803965,0,6.74513866230142,-0.17206107677091304,-0.17459916719243201,-0.17635105049010352,-0.16542581329644093
