Time,Xinitial,Xfinal,Xchange,CustCostInitial,CustCostFinal,CustCostChange,CO2Initial,CO2Final,CO2Change,NOXInitial,NOXFinal,NOXChange,NOXChangeDAC,NOXChangeCost,CO2ChangeCost,RedCurtProp,SolarNonCurt,ChangeCurtCost
intervention hours,186.3526870967742,205.83261039966462,19.479923302890413,47.10605496774193,41.10679297950152,-5.999261988240413,32.504446991726816,34.60491057126014,2.100463579533325,0.11617574981913871,0.1232259626207674,0.0070502128016287045,0,0.15461116673971748,0.10502317897666624,"NA","NA","NA"
peak period,188.53429032258066,187.45476340875257,-1.0795269138280752,36.606069741935485,36.39646735380612,-0.20960238812936183,42.71410513880341,42.28892180256325,-0.4251833362401606,0.15381155614638709,0.15271704108088743,-0.0010945150654996642,-1.9154013646244123e-4,-0.024002715386407636,-0.02125916681200803,"NA","NA","NA"
other,542.7252,367.1353681255029,-175.5898318744971,55.478550451612904,38.812841808724166,-16.665708642888738,114.95036418873143,80.00135081613952,-34.949013372591914,0.4227646980040129,0.2944543889721547,-0.12831030903185822,0,-2.8138450770686507,-1.7474506686295959,"NA","NA","NA"
Total,917.6121774193548,760.4227419339201,-157.18943548543476,139.19067516129033,116.31610214203181,-22.87457301925852,190.16891631926165,156.89518318996292,-33.27373312929875,0.6927520039695387,0.5703973926738095,-0.12235461129572918,0,-2.683236625715341,-1.6636866564649375,-0.000181606275416203,0,6.59925423764285
