Time,Xinitial,Xfinal,Xchange,CustCostInitial,CustCostFinal,CustCostChange,CO2Initial,CO2Final,CO2Change,NOXInitial,NOXFinal,NOXChange,NOXChangeDAC,NOXChangeCost,CO2ChangeCost,RedCurtProp,SolarNonCurt,ChangeCurtCost
intervention hours,186.3526870967742,217.21917043473508,30.86648333796089,47.10605496774193,43.74923072192404,-3.35682424581789,32.504446991726816,35.83269028465801,3.3282432929311927,0.11617574981913871,0.1273470092017802,0.01117125938264148,0,0.24498571826132767,0.16641216464655964,"NA","NA","NA"
peak period,188.53429032258066,197.97046773099552,9.436177408414874,36.606069741935485,39.37082570262095,2.764755960685463,42.71410513880341,46.789313813390876,4.075208674587464,0.15381155614638709,0.16337874544194042,0.009567189295553308,0.0016742581267218289,0.20980846125148403,0.20376043372937322,"NA","NA","NA"
other,542.7252,371.829890810733,-170.89530918926704,55.478550451612904,40.52018058786572,-14.958369863747187,114.95036418873143,80.56758587204166,-34.38277831668977,0.4227646980040129,0.29632760361475347,-0.12643709438925946,0,-2.77276547995646,-1.7191389158344887,"NA","NA","NA"
Total,917.6121774193548,787.0195289764636,-130.59264844289126,139.19067516129033,123.64023701241071,-15.550438148879621,190.16891631926165,163.18958997009054,-26.979326349171117,0.6927520039695387,0.587053358258474,-0.10569864571106466,0,-2.3179713004436477,-1.348966317458556,-0.000115890000404318,0,4.2112398071922
