Time,Xinitial,Xfinal,Xchange,CustCostInitial,CustCostFinal,CustCostChange,CO2Initial,CO2Final,CO2Change,NOXInitial,NOXFinal,NOXChange,NOXChangeDAC,NOXChangeCost,CO2ChangeCost,RedCurtProp,SolarNonCurt,ChangeCurtCost
intervention hours,186.3526870967742,217.0382095390882,30.685522442314017,47.10605496774193,43.70102346743686,-3.4050315003050713,32.504446991726816,35.813177796609885,3.30873080488307,0.11617574981913871,0.12728151547250588,0.011105765653367173,0,0.2435494407783421,0.16543654024415352,"NA","NA","NA"
peak period,188.53429032258066,198.63115174205834,10.096861419477682,36.606069741935485,39.46188483104637,2.8558150891108838,42.71410513880341,47.02592982507655,4.311824686273141,0.15381155614638709,0.1640486023898128,0.01023704624342571,0.001791483092599499,0.22449842411832582,0.21559123431365707,"NA","NA","NA"
other,542.7252,372.7699751855815,-169.95522481441856,55.478550451612904,40.62588185824239,-14.852668593370517,114.95036418873143,80.76793332693619,-34.18243086179525,0.4227646980040129,0.297062047716226,-0.12570265028778685,0,-2.7566591208111655,-1.7091215430897624,"NA","NA","NA"
Total,917.6121774193548,788.439336466728,-129.17284095262684,139.19067516129033,123.78879015672561,-15.401885004564718,190.16891631926165,163.60704094862263,-26.56187537063904,0.6927520039695387,0.5883921655785448,-0.10435983839099397,0,-2.2886112559144975,-1.328093768531952,-0.000114953759550941,0,4.17721845300198
