Time,Xinitial,Xfinal,Xchange,CustCostInitial,CustCostFinal,CustCostChange,CO2Initial,CO2Final,CO2Change,NOXInitial,NOXFinal,NOXChange,NOXChangeDAC,NOXChangeCost,CO2ChangeCost,RedCurtProp,SolarNonCurt,ChangeCurtCost,PropDemandChange,PropCO2Change,PropNOXChange,PropCustCostChange
intervention hours,186.3526870967742,203.73877926333495,17.386092166560747,47.10605496774193,40.749260333788435,-6.356794633953498,32.504446991726816,34.3791388382215,1.8746918464946856,0.11617574981913871,0.12246815906824471,0.006292409249105998,0,0.13799253483289453,0.09373459232473429,"NA","NA","NA",0.09329670764302976,0.05767493435503889,0.054162846023390936,-0.13494644453471236
peak period,188.53429032258066,187.78224290848433,-0.7520474140963205,36.606069741935485,36.460051211075395,-0.14601853086008987,42.71410513880341,42.41790314102054,-0.2962019977828766,0.15381155614638709,0.15304906730599346,-7.624888403936338e-4,-1.334355470688859e-4,-0.01672138026983239,-0.01481009988914383,"NA","NA","NA",-0.003988915824328685,-0.006934524247209229,-0.004957292283474138,-0.003988915824328793
other,542.7252,367.7767458344567,-174.94845416554332,55.478550451612904,38.88064702096608,-16.597903430646824,114.95036418873143,80.1411114808819,-34.809252707849524,0.4227646980040129,0.294968794550551,-0.12779590345346192,0,-2.80256416273442,-1.7404626353924764,"NA","NA","NA",-0.32235181665701784,-0.30281985580052534,-0.3022861276185574,-0.29917694848792287
Total,917.6121774193548,759.297768006276,-158.31440941307892,139.19067516129033,116.08995856582992,-23.100716595460412,190.16891631926165,156.93815346012394,-33.23076285913771,0.6927520039695387,0.5704860209247892,-0.12226598304474956,0,-2.681293008171358,-1.6615381429568856,-0.00018719019264177,0,6.80216401776481,-0.1725286709449674,-0.1747433991964746,-0.17649314956023682,-0.16596454158076276
