Time,Xinitial,Xfinal,Xchange,CustCostInitial,CustCostFinal,CustCostChange,CO2Initial,CO2Final,CO2Change,NOXInitial,NOXFinal,NOXChange,NOXChangeDAC,NOXChangeCost,CO2ChangeCost,RedCurtProp,SolarNonCurt,ChangeCurtCost
intervention hours,186.3526870967742,221.7559124616415,35.40322536486729,47.10605496774193,44.64310468993448,-2.462950277807451,32.504446991726816,36.32187400725722,3.8174270155304053,0.11617574981913871,0.12898895594964221,0.0128132061305035,0,0.2809936104419417,0.1908713507765203,"NA","NA","NA"
peak period,188.53429032258066,200.1580941677198,11.62380384513915,36.606069741935485,39.95143350566174,3.3453637637262545,42.71410513880341,47.70530845351567,4.9912033147122585,0.15381155614638709,0.16559674488411216,0.011785188737725064,0.0020624080291018858,0.25844918901831065,0.24956016573561293,"NA","NA","NA"
other,542.7252,372.8105281270471,-169.91467187295288,55.478550451612904,40.859849479772436,-14.618700971840468,114.95036418873143,80.69146777983089,-34.25889640890054,0.4227646980040129,0.29674140473595606,-0.12602329326805686,0,-2.763690821368487,-1.712944820445027,"NA","NA","NA"
Total,917.6121774193548,794.7245347564084,-122.88764266294643,139.19067516129033,125.45438767536866,-13.736287485921665,190.16891631926165,164.71865024060378,-25.450266078657872,0.6927520039695387,0.5913271055697105,-0.1014248983998283,0,-2.2242480219082346,-1.2725133039328937,-9.57707489341931e-05,0,3.48014141745794
