Time,Xinitial,Xfinal,Xchange,CustCostInitial,CustCostFinal,CustCostChange,CO2Initial,CO2Final,CO2Change,NOXInitial,NOXFinal,NOXChange,NOXChangeDAC,NOXChangeCost,CO2ChangeCost,RedCurtProp,SolarNonCurt,ChangeCurtCost
intervention hours,308.48676,88.9018779581509,-219.58488204184908,30.526915799999998,17.75993177350174,-12.766984026498257,69.62140586738838,-17.24878102801538,-86.87018689540376,0.25063773259395666,0.02800413404983853,-0.22263359854411813,0,-4.88235481607251,-4.3435093447701885,"NA","NA","NA"
peak period,308.48676,88.9018779581509,-219.58488204184908,30.526915799999998,17.75993177350174,-12.766984026498257,69.62140586738838,-17.24878102801538,-86.87018689540376,0.25063773259395666,0.02800413404983853,-0.22263359854411813,-0.03896087974522067,-4.88235481607251,-4.3435093447701885,"NA","NA","NA"
other,1010.78074,1053.277155710353,42.496415710353034,91.17640716666666,95.00975138128939,3.833344214622727,198.52885236783976,205.94232798256414,7.41347561472439,0.7222799414060866,0.7489827608371928,0.026702819431106122,0,0.5855928301241573,0.3706737807362195,"NA","NA","NA"
Total,1319.2675,1142.179033668504,-177.08846633149605,121.70332296666666,112.76968315479112,-8.933639811875537,268.15025823522814,188.69354695454876,-79.45671128067937,0.9729176740000434,0.7769868948870313,-0.19593077911301202,0,-4.296761985948353,-3.9728355640339688,-4.40405103428603e-05,0,2.50949654212721
