Time,Xinitial,Xfinal,Xchange,CustCostInitial,CustCostFinal,CustCostChange,CO2Initial,CO2Final,CO2Change,NOXInitial,NOXFinal,NOXChange,NOXChangeDAC,NOXChangeCost,CO2ChangeCost,RedCurtProp,SolarNonCurt,ChangeCurtCost
intervention hours,308.48676,135.76690197599316,-237.3173778672716,30.526915799999998,27.121398309301266,-3.405517490698731,69.62140586738838,-23.5758990845986,-93.19730495198698,0.25063773259395666,0.01002544025237586,-0.2406122923415808,0,-5.2766275710508665,-4.659865247599349,"NA","NA","NA"
peak period,308.48676,135.76690197599316,-237.3173778672716,30.526915799999998,27.121398309301266,-3.405517490698731,69.62140586738838,-23.5758990845986,-93.19730495198698,0.25063773259395666,0.01002544025237586,-0.2406122923415808,-0.04210715115977664,-5.2766275710508665,-4.659865247599349,"NA","NA","NA"
other,1010.78074,707.4484494091929,-437.86615301306915,91.17640716666666,63.07186819246664,-28.104538974200025,198.52885236783976,125.83126308228528,-72.69758928555447,0.7222799414060866,0.4617769416819799,-0.2605029997241068,0,-5.712830783949662,-3.6348794642777236,"NA","NA","NA"
Total,1319.2675,843.2153513851861,-675.1835308803408,121.70332296666666,90.19326650176791,-31.510056464898753,268.15025823522814,102.25536399768667,-165.89489423754145,0.9729176740000434,0.47180238193435575,-0.5011152920656876,0,-10.98945835500053,-8.294744711877073,-0.000643870451138095,0,36.6887363050479
