Time,Xinitial,Xfinal,Xchange,CustCostInitial,CustCostFinal,CustCostChange,CO2Initial,CO2Final,CO2Change,NOXInitial,NOXFinal,NOXChange,NOXChangeDAC,NOXChangeCost,CO2ChangeCost,RedCurtProp,SolarNonCurt,ChangeCurtCost
intervention hours,186.3526870967742,218.8950484529003,32.542361356126115,47.10605496774193,44.08539138887559,-3.0206635788663405,32.504446991726816,36.01339534628288,3.508948354556062,0.11617574981913871,0.12795354632587058,0.011777796506731875,0,0.25828707739263,0.17544741772780312,"NA","NA","NA"
peak period,188.53429032258066,199.06826533081409,10.533975008233433,36.606069741935485,39.647704642998654,3.041634901063169,42.71410513880341,47.24285111341673,4.528745974613315,0.15381155614638709,0.16449178486363483,0.010680228717247749,0.0018690400255183559,0.23421741576924313,0.22643729873066576,"NA","NA","NA"
other,542.7252,372.5591439265221,-170.1660560734779,55.478550451612904,40.700024352990056,-14.778526098622848,114.95036418873143,80.68664678734373,-34.2637174013877,0.4227646980040129,0.2967472061684402,-0.1260174918355727,0,-2.763563595954109,-1.7131858700693852,"NA","NA","NA"
Total,917.6121774193548,790.5224577102365,-127.08971970911834,139.19067516129033,124.43312038486431,-14.75755477642602,190.16891631926165,163.94289324704334,-26.226023072218325,0.6927520039695387,0.5891925373579456,-0.10355946661159308,0,-2.271059102792236,-1.3113011536109163,-0.000107641091094389,0,3.91148887846068
