Time,Xinitial,Xfinal,Xchange,CustCostInitial,CustCostFinal,CustCostChange,CO2Initial,CO2Final,CO2Change,NOXInitial,NOXFinal,NOXChange,NOXChangeDAC,NOXChangeCost,CO2ChangeCost,RedCurtProp,SolarNonCurt,ChangeCurtCost
intervention hours,186.3526870967742,217.1123278232646,30.75964072649041,47.10605496774193,43.72038768452121,-3.3856672832207266,32.504446991726816,35.821169756027246,3.316722764300432,0.11617574981913871,0.12730834051015158,0.011132590691012861,0,0.24413771385391203,0.1658361382150216,"NA","NA","NA"
peak period,188.53429032258066,198.59055633103281,10.05626600845216,36.606069741935485,39.47431730375842,2.8682475618229333,42.71410513880341,47.021097963612064,4.30699282480865,0.15381155614638709,0.1640074433521006,0.01019588720571351,0.001784280260999864,0.22359580642129726,0.21534964124043252,"NA","NA","NA"
other,542.7252,372.6733127390469,-170.05188726095315,55.478550451612904,40.62158944847986,-14.856961003133044,114.95036418873143,80.74570377229172,-34.20466041643971,0.4227646980040129,0.2969799088825425,-0.12578478912147043,0,-2.7584604254338463,-1.7102330208219856,"NA","NA","NA"
Total,917.6121774193548,788.3761968933443,-129.23598052601056,139.19067516129033,123.81629443675948,-15.374380724530852,190.16891631926165,163.58797149193103,-26.580944827330622,0.6927520039695387,0.5882956927447947,-0.10445631122474405,0,-2.290726905158637,-1.3290472413665313,-0.000114746543023083,0,4.16968856700856
