Time,Xinitial,Xfinal,Xchange,CustCostInitial,CustCostFinal,CustCostChange,CO2Initial,CO2Final,CO2Change,NOXInitial,NOXFinal,NOXChange,NOXChangeDAC,NOXChangeCost,CO2ChangeCost,RedCurtProp,SolarNonCurt,ChangeCurtCost,PropDemandChange,PropCO2Change,PropNOXChange,PropCustCostChange
intervention hours,17167.9748407775,12495.486298943888,-4672.4885418336135,2604.174255795423,1839.1069854424356,-765.0672703529874,3557.946648058665,2447.031251597997,-1110.9153964606676,12.960975527259148,8.56993498383448,-4.391040543424666,0,-96.29551911730293,-55.54576982303338,"NA","NA","NA",-0.2721630585533877,-0.3122349788653577,-0.3387893553374557,-0.2937849756598965
peak period,3527.3637736421288,1518.6069786315209,-2008.7567950106077,684.8776638042459,637.8149310252387,-47.062732779007206,799.1553516994929,354.8613759607683,-444.2939757387246,2.877722191490952,0.9898375269664401,-1.8878846645245118,-0.33037981629178953,-41.401310693022545,-22.214698786936232,"NA","NA","NA",-0.5694782063650029,-0.555954452152368,-0.6560343698591684,-0.06871699175819353
other,0,0,0,0,0,0,0,0,0,0,0,0,0,0,0,"NA","NA","NA",NaN,NaN,NaN,NaN
Total,17167.9748407775,12495.486298943888,-4672.4885418336135,2604.174255795423,1839.1069854424356,-765.0672703529874,3557.946648058665,2447.031251597997,-1110.9153964606676,12.960975527259148,8.56993498383448,-4.391040543424666,0,-96.29551911730293,-55.54576982303338,-0.000320560348054358,0,91.7390937359267,-0.2721630585533877,-0.3122349788653577,-0.3387893553374557,-0.2937849756598965
