Time,Xinitial,Xfinal,Xchange,CustCostInitial,CustCostFinal,CustCostChange,CO2Initial,CO2Final,CO2Change,NOXInitial,NOXFinal,NOXChange,NOXChangeDAC,NOXChangeCost,CO2ChangeCost,RedCurtProp,SolarNonCurt,ChangeCurtCost
intervention hours,186.3526870967742,221.05831154169368,34.70562444491951,47.10605496774193,44.4910391590646,-2.6150158086773345,32.504446991726816,36.246653725194726,3.7422067334679068,0.11617574981913871,0.12873647882949288,0.012560729010354156,0,0.2754567871970666,0.18711033667339536,"NA","NA","NA"
peak period,188.53429032258066,199.24881683360226,10.714526511021607,36.606069741935485,39.72906421709504,3.122994475159558,42.71410513880341,47.33069411075486,4.616588971951448,0.15381155614638709,0.16467484314348774,0.010863286997100631,0.0019010752244926104,0.23823188384641683,0.23082944859757243,"NA","NA","NA"
other,542.7252,372.0355654102327,-170.6896345897673,55.478550451612904,40.713462097385296,-14.765088354227608,114.95036418873143,80.54582644341394,-34.40453774531749,0.4227646980040129,0.29621660245970394,-0.12654809554430893,0,-2.775199735286695,-1.7202268872658746,"NA","NA","NA"
Total,917.6121774193548,792.3426937855287,-125.26948363382618,139.19067516129033,124.93356547354495,-14.257109687745384,190.16891631926165,164.12317427936352,-26.045742039898137,0.6927520039695387,0.5896279244326845,-0.10312407953685415,0,-2.2615110642432117,-1.302287101994907,-0.000100343301025082,0,3.64629995847467
