Time,Xinitial,Xfinal,Xchange,CustCostInitial,CustCostFinal,CustCostChange,CO2Initial,CO2Final,CO2Change,NOXInitial,NOXFinal,NOXChange,NOXChangeDAC,NOXChangeCost,CO2ChangeCost,RedCurtProp,SolarNonCurt,ChangeCurtCost
intervention hours,17167.9748407775,12503.290682537245,-4803.80327097477,2604.174255795423,1841.9518397856534,-762.2224160097696,3557.946648058665,2119.4331315156796,-1438.5135165429851,12.960975527259148,8.288762996520221,-4.672212530738927,0,-102.46162079910467,-71.92567582714926,"NA","NA","NA"
peak period,3527.3637736421288,1524.3015829450835,-2142.181303431557,684.8776638042459,640.2066648369351,-44.670998967310766,799.1553516994929,26.50578443287104,-772.6495672666218,2.877722191490952,0.705798842842551,-2.171923348648401,-0.3800865860134701,-47.63027903585943,-38.632478363331096,"NA","NA","NA"
other,0,0,0,0,0,0,0,0,0,0,0,0,0,0,0,"NA","NA","NA"
Total,17167.9748407775,12503.290682537245,-4803.80327097477,2604.174255795423,1841.9518397856534,-762.2224160097696,3557.946648058665,2119.4331315156796,-1438.5135165429851,12.960975527259148,8.288762996520221,-4.672212530738927,0,-102.46162079910467,-71.92567582714926,-0.000335071724523775,0,95.8920107584008
