Time,Xinitial,Xfinal,Xchange,CustCostInitial,CustCostFinal,CustCostChange,CO2Initial,CO2Final,CO2Change,NOXInitial,NOXFinal,NOXChange,NOXChangeDAC,NOXChangeCost,CO2ChangeCost,RedCurtProp,SolarNonCurt,ChangeCurtCost,PropDemandChange,PropCO2Change,PropNOXChange,PropCustCostChange
intervention hours,24682.70561965812,18320.010966886668,-6362.694652771452,2276.9963587524217,1303.3040694490303,-973.6922893033914,5016.930899802687,3281.986673684895,-1734.9442261177924,18.202707593043545,11.384696506151013,-6.818011086892533,0,-149.51898313555327,-86.74721130588962,"NA","NA","NA",-0.2577794651370793,-0.3458178437709849,-0.3745602708850932,-0.4276213642418306
peak period,5771.602714871795,1077.9147431344688,-4693.687971737326,571.140330651282,312.595275508996,-258.54505514228606,1302.5748499462663,142.6194607993002,-1159.9553891469661,4.689282022633941,0.07287836012485727,-4.616403662509084,-0.8078706409390897,-101.23773231882421,-57.99776945734831,"NA","NA","NA",-0.8132382292431553,-0.8905095850690012,-0.9844585248289414,-0.4526821890645724
other,0,0,0,0,0,0,0,0,0,0,0,0,0,0,0,"NA","NA","NA",NaN,NaN,NaN,NaN
Total,24682.70561965812,18320.010966886668,-6362.694652771452,2276.9963587524217,1303.3040694490303,-973.6922893033914,5016.930899802687,3281.986673684895,-1734.9442261177924,18.202707593043545,11.384696506151013,-6.818011086892533,0,-149.51898313555327,-86.74721130588962,-0.000434400925844338,0,89.3572298703639,-0.2577794651370793,-0.3458178437709849,-0.3745602708850932,-0.4276213642418306
