Time,Xinitial,Xfinal,Xchange,CustCostInitial,CustCostFinal,CustCostChange,CO2Initial,CO2Final,CO2Change,NOXInitial,NOXFinal,NOXChange,NOXChangeDAC,NOXChangeCost,CO2ChangeCost,RedCurtProp,SolarNonCurt,ChangeCurtCost
intervention hours,308.48676,135.05632304544682,-239.3093952124591,30.526915799999998,26.979384212025835,-3.547531587974163,69.62140586738838,-24.348375979434767,-93.96978184682314,0.25063773259395666,0.008005765738367789,-0.24263196685558888,0,-5.320919033143064,-4.698489092341157,"NA","NA","NA"
peak period,308.48676,135.05632304544682,-239.3093952124591,30.526915799999998,26.979384212025835,-3.547531587974163,69.62140586738838,-24.348375979434767,-93.96978184682314,0.25063773259395666,0.008005765738367789,-0.24263196685558888,-0.04246059419972805,-5.320919033143064,-4.698489092341157,"NA","NA","NA"
other,1010.78074,702.9120173607029,-445.3560541651781,91.17640716666666,62.61416269757495,-28.562244469091716,198.52885236783976,124.67546989988267,-73.85338246795708,0.7222799414060866,0.45768889703043897,-0.2645910443756477,0,-5.802481603157953,-3.692669123397854,"NA","NA","NA"
Total,1319.2675,837.9683404061498,-684.6654493776372,121.70332296666666,89.59354690960078,-32.109776057065886,268.15025823522814,100.32709392044791,-167.82316431478023,0.9729176740000434,0.4656946627688068,-0.5072230112312366,0,-11.123400636301017,-8.391158215739011,-0.00065477944814458,0,37.3103478634228
