Time,Xinitial,Xfinal,Xchange,CustCostInitial,CustCostFinal,CustCostChange,CO2Initial,CO2Final,CO2Change,NOXInitial,NOXFinal,NOXChange,NOXChangeDAC,NOXChangeCost,CO2ChangeCost,RedCurtProp,SolarNonCurt,ChangeCurtCost
intervention hours,186.3526870967742,205.26985739776757,18.917170300993394,47.10605496774193,41.01162742699969,-6.094427540742245,32.504446991726816,34.54423054873755,2.039783557010734,0.11617574981913871,0.12302228992881484,0.006846540109676131,0,0.15014462460519756,0.1019891778505367,"NA","NA","NA"
peak period,188.53429032258066,187.5803503538164,-0.9539399687642265,36.606069741935485,36.420851482877914,-0.18521825905757083,42.71410513880341,42.33838557748768,-0.37571956131573003,0.15381155614638709,0.15284437167509657,-9.67184471290549e-4,-1.6925728247584607e-4,-0.021210355455401737,-0.018785978065786503,"NA","NA","NA"
other,542.7252,367.3813336505679,-175.34386634943206,55.478550451612904,38.83884480882598,-16.63970564278692,114.95036418873143,80.0549484151937,-34.89541577353772,0.4227646980040129,0.294651661244671,-0.12811303675934188,0,-2.8095188961323676,-1.7447707886768862,"NA","NA","NA"
Total,917.6121774193548,760.231541402152,-157.3806360172029,139.19067516129033,116.27132371870358,-22.919351442586745,190.16891631926165,156.93756454141894,-33.23135177784272,0.6927520039695387,0.5705183228485824,-0.12223368112095631,0,-2.6805846269825717,-1.661567588892136,-0.000183003977016094,0,6.65004426780506
