Time,Xinitial,Xfinal,Xchange,CustCostInitial,CustCostFinal,CustCostChange,CO2Initial,CO2Final,CO2Change,NOXInitial,NOXFinal,NOXChange,NOXChangeDAC,NOXChangeCost,CO2ChangeCost,RedCurtProp,SolarNonCurt,ChangeCurtCost
intervention hours,186.3526870967742,204.4035488027387,18.0508617059645,47.10605496774193,40.86514192485178,-6.240913042890156,32.504446991726816,34.45081900782944,1.9463720161026195,0.11617574981913871,0.12270875378948479,0.006533003970346084,0,0.14326877706968963,0.09731860080513098,"NA","NA","NA"
peak period,188.53429032258066,187.74475974446491,-0.7895305781157375,36.606069741935485,36.45277342986172,-0.15329631207376337,42.71410513880341,42.403139991972125,-0.31096514683128557,0.15381155614638709,0.15301106372572482,-8.004924206622964e-4,-1.4008617361590186e-4,-0.01755479878512416,-0.01554825734156428,"NA","NA","NA"
other,542.7252,367.70333401514335,-175.02186598485662,55.478550451612904,38.87288606526071,-16.605664386352196,114.95036418873143,80.12511453473935,-34.82524965399208,0.4227646980040129,0.2949099159072059,-0.127854782096807,0,-2.8038553713829777,-1.7412624826996042,"NA","NA","NA"
Total,917.6121774193548,759.851642562347,-157.76053485700785,139.19067516129033,116.1908014199742,-22.999873741316122,190.16891631926165,156.9790735345409,-33.18984278472075,0.6927520039695387,0.5706297334224155,-0.12212227054712321,0,-2.678141393098412,-1.6594921392360378,-0.000185234955379668,0,6.73111411732521
