Time,Xinitial,Xfinal,Xchange,CustCostInitial,CustCostFinal,CustCostChange,CO2Initial,CO2Final,CO2Change,NOXInitial,NOXFinal,NOXChange,NOXChangeDAC,NOXChangeCost,CO2ChangeCost,RedCurtProp,SolarNonCurt,ChangeCurtCost,PropDemandChange,PropCO2Change,PropNOXChange,PropCustCostChange
intervention hours,186.3526870967742,205.833968266679,19.481281169904783,47.10605496774193,41.106149472438524,-5.999905495303409,32.504446991726816,34.60505698611841,2.1006099943915966,0.11617574981913871,0.12322645406271299,0.0070507042435742785,0,0.15462194406158392,0.10503049971957984,"NA","NA","NA",0.1045398457806408,0.06462531095902828,0.06068998267324073,-0.12737015441883479
peak period,188.53429032258066,187.3099681654757,-1.2243221571049394,36.606069741935485,36.3683537158858,-0.23771602604968223,42.71410513880341,42.2318926318964,-0.4822125069070139,0.15381155614638709,0.1525702355004529,-0.0012413206459341844,-2.1723111303848224e-4,-0.027222161765336664,-0.024110625345350696,"NA","NA","NA",-0.006493896441915866,-0.011289303740298903,-0.008070399110667486,-0.006493896441915957
other,542.7252,366.8517826141155,-175.8734173858845,55.478550451612904,38.782861696350565,-16.69568875526234,114.95036418873143,79.9395555603495,-35.01080862838193,0.4227646980040129,0.2942269442590417,-0.1285377537449712,0,-2.8188329396272183,-1.7505404314190967,"NA","NA","NA",-0.3240561105065409,-0.3045732727814536,-0.30404088693269066,-0.300939527427342
Total,917.6121774193548,759.9957190462702,-157.61645837308464,139.19067516129033,116.2573648846749,-22.93331027661543,190.16891631926165,156.77650517836432,-33.392411140897345,0.6927520039695387,0.5700236338222076,-0.1227283701473311,0,-2.691433157330971,-1.6696205570448672,-0.000181999298897652,0,6.61353602316759,-0.1717680543607835,-0.17559342392653224,-0.17716061367428051,-0.1647618294116394
