Time,Xinitial,Xfinal,Xchange,CustCostInitial,CustCostFinal,CustCostChange,CO2Initial,CO2Final,CO2Change,NOXInitial,NOXFinal,NOXChange,NOXChangeDAC,NOXChangeCost,CO2ChangeCost,RedCurtProp,SolarNonCurt,ChangeCurtCost
intervention hours,186.3526870967742,218.02684611153373,31.67415901475954,47.10605496774193,43.89330503626752,-3.212749931474413,32.504446991726816,35.91977960820472,3.415332616477901,0.11617574981913871,0.12763932479807852,0.011463574978939801,0,0.2513961992881498,0.17076663082389507,"NA","NA","NA"
peak period,188.53429032258066,198.61799843666597,10.083708114085338,36.606069741935485,39.50209227666187,2.8960225347263844,42.71410513880341,47.04262416707144,4.328519028268029,0.15381155614638709,0.1640352664639284,0.0102237103175413,0.0017891493055697272,0.2242059672636807,0.21642595141340146,"NA","NA","NA"
other,542.7252,372.50848836898206,-170.21671163101797,55.478550451612904,40.6216049476063,-14.856945504006603,114.95036418873143,80.70429966526376,-34.246064523467666,0.4227646980040129,0.29682497531509205,-0.12593972268892087,0,-2.7618581185680346,-1.7123032261733835,"NA","NA","NA"
Total,917.6121774193548,789.1533329171817,-128.4588445021731,139.19067516129033,124.01700226053569,-15.173672900754639,190.16891631926165,163.66670344053992,-26.502212878721735,0.6927520039695387,0.5884995665770989,-0.10425243739243976,0,-2.286255952016204,-1.325110643936087,-0.00011179979453683,0,4.06260888382796
