Time,Xinitial,Xfinal,Xchange,CustCostInitial,CustCostFinal,CustCostChange,CO2Initial,CO2Final,CO2Change,NOXInitial,NOXFinal,NOXChange,NOXChangeDAC,NOXChangeCost,CO2ChangeCost,RedCurtProp,SolarNonCurt,ChangeCurtCost,PropDemandChange,PropCO2Change,PropNOXChange,PropCustCostChange
intervention hours,212.24163181818182,163.19452413477273,-49.0471076834091,45.33214509090909,53.13421429097727,7.802069200068182,46.642616528622696,27.04295830999628,-19.599658218626416,0.16760638340237274,0.11787830567588718,-0.049728077726485555,0,-1.0905367445418281,-0.9799829109313208,"NA","NA","NA",-0.2310908904310801,-0.4202092351872862,-0.2966956073928481,0.172108978836583
peak period,212.24163181818182,163.19452413477273,-49.0471076834091,45.33214509090909,53.13421429097727,7.802069200068182,46.642616528622696,27.04295830999628,-19.599658218626416,0.16760638340237274,0.11787830567588718,-0.049728077726485555,-0.008702413602134971,-1.0905367445418281,-0.9799829109313208,"NA","NA","NA",-0.2310908904310801,-0.4202092351872862,-0.2966956073928481,0.172108978836583
other,231.7924636363636,250.66576059775943,18.87329696139582,44.268275590909084,47.87274269949832,3.6044671085892332,46.43269168305188,49.76563474650465,3.332943063452777,0.16854481843309999,0.18051976441894138,0.011974945985841387,0,0.2626105654695016,0.16664715317263887,"NA","NA","NA",0.08142325537815708,0.07178009593334247,0.07104903073952741,0.0814232553781572
Total,444.0340954545454,413.86028473253214,-30.17381072201328,89.60042068181818,101.00695699047559,11.406536308657408,93.07530821167457,76.80859305650094,-16.26671515517364,0.3361512018354727,0.29839807009482855,-0.037753131740644166,0,-0.8279261790723266,-0.8133357577586819,-2.01838294402965e-05,0,0.733445040158852,-0.06795381487794351,-0.1747693933838973,-0.11230997103238745,0.12730449502199753
