Time,Xinitial,Xfinal,Xchange,CustCostInitial,CustCostFinal,CustCostChange,CO2Initial,CO2Final,CO2Change,NOXInitial,NOXFinal,NOXChange,NOXChangeDAC,NOXChangeCost,CO2ChangeCost,RedCurtProp,SolarNonCurt,ChangeCurtCost,PropDemandChange,PropCO2Change,PropNOXChange,PropCustCostChange
intervention hours,444.0340954545454,389.85862626725765,-54.175469187287796,89.60042068181818,82.4082279698344,-7.192192711983779,93.07530821167457,68.41022553039241,-24.66508268128217,0.3361512018354727,0.254627757455987,-0.08152344437948573,0,-1.7878091352421221,-1.2332541340641086,"NA","NA","NA",-0.1220074533506934,-0.26500135379823964,-0.242520163350143,-0.08026963107153387
peak period,212.24163181818182,81.35027321818181,-130.89135860000002,45.33214509090909,42.30214207345455,-3.03000301745454,46.642616528622696,10.697860199121278,-35.944756329501416,0.16760638340237274,0.04666130269070669,-0.12094508071166604,-0.021165389124541557,-2.6523256200068364,-1.7972378164750709,"NA","NA","NA",-0.6167091605860294,-0.7706419365955502,-0.7216018761129945,-0.06684005381563506
other,0,0,0,0,0,0,0,0,0,0,0,0,0,0,0,"NA","NA","NA",NaN,NaN,NaN,NaN
Total,444.0340954545454,389.85862626725765,-54.175469187287796,89.60042068181818,82.4082279698344,-7.192192711983779,93.07530821167457,68.41022553039241,-24.66508268128217,0.3361512018354727,0.254627757455987,-0.08152344437948573,0,-1.7878091352421221,-1.2332541340641086,4.35256257584813e-05,0,-1.58164507021813,-0.1220074533506934,-0.26500135379823964,-0.242520163350143,-0.08026963107153387
