Time,Xinitial,Xfinal,Xchange,CustCostInitial,CustCostFinal,CustCostChange,CO2Initial,CO2Final,CO2Change,NOXInitial,NOXFinal,NOXChange,NOXChangeDAC,NOXChangeCost,CO2ChangeCost,RedCurtProp,SolarNonCurt,ChangeCurtCost
intervention hours,24409.291968273094,21882.440342955033,-4749.130393403788,2209.9520618514057,2803.5265969764655,593.5745351250598,3709.098952066427,2459.672396285397,-1249.4265557810302,16.110702038826446,11.02220059856329,-5.0885014402631565,0,-111.59083658497102,-62.471327789051514,"NA","NA","NA"
peak period,8172.975410361445,2358.5354167540227,-7786.759279355767,810.1655487076305,919.8288125340689,109.66326382643842,1215.1272806677182,-195.91339644430127,-1411.0406771120195,5.175578001924114,-0.7419228639752866,-5.917500865899401,-1.035562651532395,-129.77079398917385,-70.55203385560098,"NA","NA","NA"
other,0,0,0,0,0,0,0,0,0,0,0,0,0,0,0,"NA","NA","NA"
Total,24409.291968273094,21882.440342955033,-4749.130393403788,2209.9520618514057,2803.5265969764655,593.5745351250598,3709.098952066427,2459.672396285397,-1249.4265557810302,16.110702038826446,11.02220059856329,-5.0885014402631565,0,-111.59083658497102,-62.471327789051514,0.00296730130328845,0,-169.081427578396
