Time,Xinitial,Xfinal,Xchange,CustCostInitial,CustCostFinal,CustCostChange,CO2Initial,CO2Final,CO2Change,NOXInitial,NOXFinal,NOXChange,NOXChangeDAC,NOXChangeCost,CO2ChangeCost,RedCurtProp,SolarNonCurt,ChangeCurtCost
intervention hours,79.4343409090909,85.44529564053683,6.010954731445923,21.833449181818178,19.093411010977704,-2.7400381708404744,14.064313998800799,14.712457797691027,0.6481437988902286,0.0502235123244,0.052399009082714366,0.0021754967583143717,0,0.04770864390983417,0.03240718994451143,"NA","NA","NA"
peak period,212.24163181818182,211.41478847925654,-0.8268433389252868,45.33214509090909,45.15554174553092,-0.1766033453781688,46.642616528622696,46.30031298908929,-0.3423035395333993,0.16760638340237274,0.1667680601705298,-8.383232318429255e-4,-1.4670656557251195e-4,-0.018384428474315356,-0.017115176976669966,"NA","NA","NA"
other,152.35812272727273,151.76457141583103,-0.5935513114416935,22.434826409090906,22.347425616808113,-0.08740079228279285,32.36837768425108,32.24227811909617,-0.12609956515490853,0.1183213061087,0.11786035420698861,-4.6095190171138495e-4,0,-0.010108675204530671,-0.006304978257745427,"NA","NA","NA"
Total,444.0340954545454,448.6246555356244,4.5905600810789435,89.60042068181818,86.59637837331674,-3.0040423085014396,93.07530821167457,93.25504890587649,0.17974069420192068,0.3361512018354727,0.3370274234602328,8.76221624760061e-4,0,0.019215540230988138,0.008987034710096034,1.69951969571317e-05,0,-0.617575715827491
