Time,Xinitial,Xfinal,Xchange,CustCostInitial,CustCostFinal,CustCostChange,CO2Initial,CO2Final,CO2Change,NOXInitial,NOXFinal,NOXChange,NOXChangeDAC,NOXChangeCost,CO2ChangeCost,ChangeCurtCost
intervention hours,181.07461818181818,80.62826658752066,-143.45373644693575,17.942504818181817,16.134081181788428,-1.808423636393389,40.67273407832677,-17.906123475216134,-58.5788575535429,0.1463613114468227,9.158633230576963e-4,-0.14544544812376503,0,-3.1896186773541673,-2.9289428776771453,"NA"
peak period,181.07461818181818,80.62826658752066,-143.45373644693575,17.942504818181817,16.134081181788428,-1.808423636393389,40.67273407832677,-17.906123475216134,-58.5788575535429,0.1463613114468227,9.158633230576963e-4,-0.14544544812376503,-0.02545295342165888,-3.1896186773541673,-2.9289428776771453,"NA"
other,344.46398636363637,325.67189029655697,-76.62668945058658,29.459239636363634,26.612247194072257,-2.846992442291377,73.75383696338842,61.76007573841109,-11.993761224977332,0.26995849135662275,0.22788857240031982,-0.04206991895630292,0,-0.9225933227117229,-0.5996880612488666,"NA"
Total,525.5386045454545,406.30015688407764,-220.08042589752236,47.40174445454545,42.746328375860685,-6.463839715078155,114.42657104171519,43.853952263194955,-70.57261877852024,0.41631980280344544,0.2288044357233775,-0.18751536708006794,0,-4.11221200006589,-3.528630938926012,10.3995817128916
