Time,Xinitial,Xfinal,Xchange,CustCostInitial,CustCostFinal,CustCostChange,CO2Initial,CO2Final,CO2Change,NOXInitial,NOXFinal,NOXChange,NOXChangeDAC,NOXChangeCost,CO2ChangeCost,RedCurtProp,SolarNonCurt,ChangeCurtCost
intervention hours,79.4343409090909,91.81057615329419,12.376235244203293,21.833449181818178,20.57662914889865,-1.2568200329195278,14.064313998800799,15.398807516972326,1.3344935181715272,0.0502235123244,0.05470274413645254,0.004479231812052544,0,0.09822955363831229,0.06672467590857636,"NA","NA","NA"
peak period,212.24163181818182,227.72273658810147,15.481104769919641,45.33214509090909,49.72164664087892,4.389501549969836,46.642616528622696,53.3632572754714,6.720640746848702,0.16760638340237274,0.18330242783091794,0.015696044428545206,0.0027468077749954107,0.34421425431799635,0.33603203734243514,"NA","NA","NA"
other,152.35812272727273,157.58112008305733,5.222997355784606,22.434826409090906,24.052292469757752,1.617466060666846,32.36837768425108,33.25583248597924,0.8874548017281603,0.1183213061087,0.12144036792410896,0.003119061815408971,0,0.06840102561191873,0.044372740086408013,"NA","NA","NA"
Total,444.0340954545454,477.114432824453,33.08033736990754,89.60042068181818,94.35056825953532,4.750147577717144,93.07530821167457,102.01789727842296,8.94258906674839,0.3361512018354727,0.3594455398914794,0.02329433805600672,0,0.5108448335682274,0.4471294533374195,7.17961730911858e-05,0,-2.60894728683078
