Time,Xinitial,Xfinal,Xchange,CustCostInitial,CustCostFinal,CustCostChange,CO2Initial,CO2Final,CO2Change,NOXInitial,NOXFinal,NOXChange,NOXChangeDAC,NOXChangeCost,CO2ChangeCost,RedCurtProp,SolarNonCurt,ChangeCurtCost
intervention hours,181.07461818181818,105.96609885272726,-75.10851932909091,17.942504818181817,21.20430922370909,3.261804405527272,40.67273407832677,10.093898041790046,-30.57883603653672,0.1463613114468227,0.0702099854353667,-0.07615132601145602,0,-1.6699985794312306,-1.5289418018268361,"NA","NA","NA"
peak period,181.07461818181818,105.96609885272726,-75.10851932909091,17.942504818181817,21.20430922370909,3.261804405527272,40.67273407832677,10.093898041790046,-30.57883603653672,0.1463613114468227,0.0702099854353667,-0.07615132601145602,-0.013326482052004804,-1.6699985794312306,-1.5289418018268361,"NA","NA","NA"
other,344.46398636363637,366.09152787392395,21.627541510287568,29.459239636363634,31.30886965087659,1.8496300145129574,73.75383696338842,78.04084377669523,4.2870068133068076,0.26995849135662275,0.285561359447071,0.015602868090448255,0,0.3421708972235302,0.2143503406653404,"NA","NA","NA"
Total,525.5386045454545,472.0576267266512,-53.48097781880334,47.40174445454545,52.513178874585684,5.111434420040233,114.42657104171519,88.13474181848528,-26.291829223229914,0.41631980280344544,0.35577134488243767,-0.060548457921007756,0,-1.3278276822077,-1.3145914611614957,-1.11277966003624e-05,0,0.63407909837338
