Time,Xinitial,Xfinal,Xchange,CustCostInitial,CustCostFinal,CustCostChange,CO2Initial,CO2Final,CO2Change,NOXInitial,NOXFinal,NOXChange,NOXChangeDAC,NOXChangeCost,CO2ChangeCost,ChangeCurtCost
intervention hours,181.07461818181818,60.375793784877374,-153.66269482752278,17.942504818181817,23.546559576102176,5.604054757920359,40.67273407832677,-21.8748363687763,-62.54757044710307,0.1463613114468227,-0.009434836235685392,-0.1557961476825081,0,-3.4166095186774026,-3.1273785223551536,"NA"
peak period,181.07461818181818,60.375793784877374,-153.66269482752278,17.942504818181817,23.546559576102176,5.604054757920359,40.67273407832677,-21.8748363687763,-62.54757044710307,0.1463613114468227,-0.009434836235685392,-0.1557961476825081,-0.027264325844438917,-3.4166095186774026,-3.1273785223551536,"NA"
other,344.46398636363637,406.5666440502855,58.210573191138316,29.459239636363634,40.97932358214929,11.520083945785657,73.75383696338842,84.30090526395443,10.547068300566012,0.26995849135662275,0.3081626980324742,0.0382042066758515,0,0.8378182524014233,0.5273534150283007,"NA"
Total,525.5386045454545,466.9424378351629,-95.45212163638446,47.40174445454545,64.52588315825147,22.728193461626375,114.42657104171519,62.42606889517813,-52.00050214653706,0.41631980280344544,0.29872786179678884,-0.11759194100665661,0,-2.5787912662759793,-2.600025107326853,0.0341171428857347
