Time,Xinitial,Xfinal,Xchange,CustCostInitial,CustCostFinal,CustCostChange,CO2Initial,CO2Final,CO2Change,NOXInitial,NOXFinal,NOXChange,NOXChangeDAC,NOXChangeCost,CO2ChangeCost,RedCurtProp,SolarNonCurt,ChangeCurtCost
intervention hours,24409.291968273094,19013.312380755702,-5395.97958751739,2209.9520618514057,1821.511780672007,-388.44028117939865,3709.098952066427,2602.025055677145,-1107.0738963892823,16.110702038826446,11.447643096818432,-4.663058942008014,0,-102.26088259823575,-55.35369481946412,"NA","NA","NA"
peak period,8172.975410361445,82.55937744091551,-8090.41603292053,810.1655487076305,32.19815720195705,-777.9673915056734,1215.1272806677182,0,-1215.1272806677182,5.175578001924114,0,-5.175578001924114,-0.9057261503367199,-113.50042558219582,-60.756364033385914,"NA","NA","NA"
other,0,0,0,0,0,0,0,0,0,0,0,0,0,0,0,"NA","NA","NA"
Total,24409.291968273094,19013.312380755702,-5395.97958751739,2209.9520618514057,1821.511780672007,-388.44028117939865,3709.098952066427,2602.025055677145,-1107.0738963892823,16.110702038826446,11.447643096818432,-4.663058942008014,0,-102.26088259823575,-55.35369481946412,0.00184160380317881,0,-104.937439191023
