Time,Xinitial,Xfinal,Xchange,CustCostInitial,CustCostFinal,CustCostChange,CO2Initial,CO2Final,CO2Change,NOXInitial,NOXFinal,NOXChange,NOXChangeDAC,NOXChangeCost,CO2ChangeCost,RedCurtProp,SolarNonCurt,ChangeCurtCost
intervention hours,444.0340954545454,801.9955403675906,342.6511146643291,89.60042068181818,236.88886718021473,147.28844649839655,93.07530821167457,184.4145838530294,91.33927564135483,0.3361512018354727,0.5893234680275518,0.25317226619207894,0,5.552067797592291,4.566963782067742,"NA","NA","NA"
peak period,212.24163181818182,361.89322495806357,134.34126289116563,45.33214509090909,188.18447697819306,142.85233188728398,46.642616528622696,104.8756147971647,58.232998268542,0.16760638340237274,0.3038128403875193,0.13620645698514658,0.02383612997240065,2.9870076016842644,2.9116499134271,"NA","NA","NA"
other,0,0,0,0,0,0,0,0,0,0,0,0,0,0,0,"NA","NA","NA"
Total,444.0340954545454,801.9955403675906,342.6511146643291,89.60042068181818,236.88886718021473,147.28844649839655,93.07530821167457,184.4145838530294,91.33927564135483,0.3361512018354727,0.5893234680275518,0.25317226619207894,0,5.552067797592291,4.566963782067742,0.00063438921677238,0,-23.0525939563789
