Time,Xinitial,Xfinal,Xchange,CustCostInitial,CustCostFinal,CustCostChange,CO2Initial,CO2Final,CO2Change,NOXInitial,NOXFinal,NOXChange,NOXChangeDAC,NOXChangeCost,CO2ChangeCost,ChangeCurtCost
intervention hours,79.4343409090909,91.39497501217237,11.96063410308146,21.833449181818178,20.4792768971422,-1.354172284675979,14.064313998800799,15.353994452415272,1.2896804536144726,0.0502235123244,0.05455232894025545,0.004328816615855448,0,0.09493094838570998,0.06448402268072363,"NA"
peak period,212.24163181818182,113.52593847667555,-98.71569334150627,45.33214509090909,24.748462742478587,-20.5836823484305,46.642616528622696,5.918072244138658,-40.72454428448404,0.16760638340237274,0.06752012137451298,-0.10008626202785975,-0.017515095854875457,-2.1948917262709644,-2.036227214224202,"NA"
other,152.35812272727273,124.06415948343682,-28.293963243835893,22.434826409090906,21.027192038982207,-1.407634370108699,32.36837768425108,26.400232046443477,-5.968145637807602,0.1183213061087,0.09621136560951778,-0.02210994049918223,0,-0.4848709951470663,-0.2984072818903801,"NA"
Total,444.0340954545454,328.98507297228474,-115.0490224822607,89.60042068181818,66.25493167860299,-23.345489003215178,93.07530821167457,47.672298742997405,-45.40300946867717,0.3361512018354727,0.2182838159242862,-0.11786738591118653,0,-2.5848317730323207,-2.2701504734338585,9.13163459105262
