Time,Xinitial,Xfinal,Xchange,CustCostInitial,CustCostFinal,CustCostChange,CO2Initial,CO2Final,CO2Change,NOXInitial,NOXFinal,NOXChange,NOXChangeDAC,NOXChangeCost,CO2ChangeCost,RedCurtProp,SolarNonCurt,ChangeCurtCost,PropDemandChange,PropCO2Change,PropNOXChange,PropCustCostChange
intervention hours,24409.29197,18942.73332,-5466.558648,2209.952062,1817.517201,-392.4348613,3709.098952,2593.447991,-1115.650961,16.11070204,11.40621884,-4.704483202,0,-103.1693166,-55.78254805,NA,NA,NA,-0.223954003,-0.300787597,-0.29200982,-0.177576187
peak period,8172.97541,91.72812052,-8081.24729,810.1655487,35.773967,-774.3915817,1215.127281,0,-1215.127281,5.175578002,0,-5.175578002,-0.90572615,-113.5004256,-60.75636403,NA,NA,NA,-0.988776655,-1,-1,-0.955843633
other,0,0,0,0,0,0,0,0,0,0,0,0,0,0,0,NA,NA,NA,NaN,NaN,NaN,NaN
Total,24409.29197,18942.73332,-5466.558648,2209.952062,1817.517201,-392.4348613,3709.098952,2593.447991,-1115.650961,16.11070204,11.40621884,-4.704483202,0,-103.1693166,-55.78254805,0.001762817,0,-100.4480455,-0.223954003,-0.300787597,-0.29200982,-0.177576187
,,,,,,,,,,,,,,,,,,,,,,
other really,16236.31656,18851.0052,2614.688642,1399.786513,1781.743234,381.9567204,2493.971671,2593.447991,99.47631962,10.93512404,11.40621884,0.4710948,0.90572615,10.33110896,4.973815981,,,,0.161039521,0.039886708,0.043080883,