Time,Xinitial,Xfinal,Xchange,CustCostInitial,CustCostFinal,CustCostChange,CO2Initial,CO2Final,CO2Change,NOXInitial,NOXFinal,NOXChange,NOXChangeDAC,NOXChangeCost,CO2ChangeCost,RedCurtProp,SolarNonCurt,ChangeCurtCost
intervention hours,525.5386045,394.3688853,-131.1697192,47.40174445,39.39920189,-8.002542568,114.426571,82.61857003,-31.80800101,0.416319803,0.290000576,-0.126319227,0,-2.770180638,-1.590400051,NA,NA,NA
peak period,181.0746182,3.984305992,-177.0903122,17.94250482,1.553879337,-16.38862548,40.67273408,3.016640181,-37.6560939,0.146361311,0,-0.146361311,-0.02561323,-3.20970356,-1.882804695,NA,NA,NA
other,0,0,0,0,0,0,0,0,0,0,0,0,0,0,0,NA,NA,NA
Total,525.5386045,394.3688853,-131.1697192,47.40174445,39.39920189,-8.002542568,114.426571,82.61857003,-31.80800101,0.416319803,0.290000576,-0.126319227,0,-2.770180638,-1.590400051,7.17E-06,0,-0.408723497
,,,,,,,,,,,,,,,,,,
,344.4639864,390.3845793,45.92059294,29.45923964,,,,,,,,,,,,,,