Time,Xinitial,Xfinal,Xchange,CustCostInitial,CustCostFinal,CustCostChange,CO2Initial,CO2Final,CO2Change,NOXInitial,NOXFinal,NOXChange,NOXChangeDAC,NOXChangeCost,CO2ChangeCost,RedCurtProp,SolarNonCurt,ChangeCurtCost
intervention hours,24409.291968273094,22432.968194246107,-4042.1001165936173,2209.9520618514057,2962.5706915694886,752.618629718083,3709.098952066427,2569.6109729620157,-1139.4879791044111,16.110702038826446,11.499535950211238,-4.611166088615209,0,-101.12287232333153,-56.97439895522056,"NA","NA","NA"
peak period,8172.975410361445,2709.558456943695,-7306.168388497481,810.1655487076305,1056.7277982080413,246.56224950041087,1215.1272806677182,-113.79340936342398,-1328.9206900311422,5.175578001924114,-0.40284048428639563,-5.578418486210509,-0.9762232350868391,-122.33471740259647,-66.44603450155711,"NA","NA","NA"
other,0,0,0,0,0,0,0,0,0,0,0,0,0,0,0,"NA","NA","NA"
Total,24409.291968273094,22432.968194246107,-4042.1001165936173,2209.9520618514057,2962.5706915694886,752.618629718083,3709.098952066427,2569.6109729620157,-1139.4879791044111,16.110702038826446,11.499535950211238,-4.611166088615209,0,-101.12287232333153,-56.97439895522056,0.00338162700747173,0,-192.690348407601
