Time,Xinitial,Xfinal,Xchange,CustCostInitial,CustCostFinal,CustCostChange,CO2Initial,CO2Final,CO2Change,NOXInitial,NOXFinal,NOXChange,NOXChangeDAC,NOXChangeCost,CO2ChangeCost,RedCurtProp,SolarNonCurt,ChangeCurtCost
intervention hours,24409.29197,19013.31238,-5395.979588,2209.952062,1821.511781,-388.4402812,3709.098952,2602.025056,-1107.073896,16.11070204,11.4476431,-4.663058942,0,-102.2608826,-55.35369482,NA,NA,NA
peak period,8172.97541,82.55937744,-8090.416033,810.1655487,32.1981572,-777.9673915,1215.127281,0,-1215.127281,5.175578002,0,-5.175578002,-0.90572615,-113.5004256,-60.75636403,NA,NA,NA
other,0,0,0,0,0,0,0,0,0,0,0,0,0,0,0,NA,NA,NA
Total,24409.29197,19013.31238,-5395.979588,2209.952062,1821.511781,-388.4402812,3709.098952,2602.025056,-1107.073896,16.11070204,11.4476431,-4.663058942,0,-102.2608826,-55.35369482,0.001841604,0,-104.9374392
,,,,,,,,,,,,,,,,,,
,,,,,,,,,,,,,,,,,,
12 to 15,4032.244725,5571.563426,1539.318702,,,,567.3213076,623.502498,56.18119042,2.290687459,2.578926426,0.288238966,,,,,,
other really,12204.07183,13359.18958,1155.117744,1399.786513,1789.313623,389.5271103,1926.650364,1978.522558,51.87219386,8.644436578,8.868716671,0.224280094,,,,,,