Time,Xinitial,Xfinal,Xchange,CustCostInitial,CustCostFinal,CustCostChange,CO2Initial,CO2Final,CO2Change,NOXInitial,NOXFinal,NOXChange,NOXChangeDAC,NOXChangeCost,CO2ChangeCost,RedCurtProp,SolarNonCurt,ChangeCurtCost
intervention hours,24409.291968273094,22500.439391520813,-4034.807858093089,2209.9520618514057,2989.265041955349,779.3129801039431,3709.098952066427,2575.294616138466,-1133.804335927961,16.110702038826446,11.526263928529357,-4.58443811029709,0,-100.53672775881519,-56.69021679639805,"NA","NA","NA"
peak period,8172.975410361445,2768.93746777362,-7284.883862338008,810.1655487076305,1079.885612431712,269.72006372408146,1215.1272806677182,-110.42155618631715,-1325.5488368540355,5.175578001924114,-0.3891932921010439,-5.5647712940251575,-0.9738349764544025,-122.0354344779717,-66.27744184270178,"NA","NA","NA"
other,0,0,0,0,0,0,0,0,0,0,0,0,0,0,0,"NA","NA","NA"
Total,24409.291968273094,22500.439391520813,-4034.807858093089,2209.9520618514057,2989.265041955349,779.3129801039431,3709.098952066427,2575.294616138466,-1133.804335927961,16.110702038826446,11.526263928529357,-4.58443811029709,0,-100.53672775881519,-56.69021679639805,0.00331562983749424,0,-188.92972736667
