Time,Xinitial,Xfinal,Xchange,CustCostInitial,CustCostFinal,CustCostChange,CO2Initial,CO2Final,CO2Change,NOXInitial,NOXFinal,NOXChange,NOXChangeDAC,NOXChangeCost,CO2ChangeCost,RedCurtProp,SolarNonCurt,ChangeCurtCost,PropDemandChange,PropCO2Change,PropNOXChange,PropCustCostChange
intervention hours,20146.34061,17992.36874,-2153.971871,4024.540251,3670.161231,-354.3790196,2987.600131,2260.21013,-727.3900004,12.69504419,9.693841835,-3.001202356,0,-65.81636768,-36.36950002,NA,NA,NA,-0.106916284,-0.243469664,-0.236407397,-0.088054535
peak period,9342.185615,3413.213578,-5928.972037,1993.809521,1774.871061,-218.9384604,1377.777307,460.9139632,-916.8633438,5.824663905,1.900834659,-3.923829246,-0.686670118,-86.04957537,-45.84316719,NA,NA,NA,-0.634645069,-0.665465558,-0.673657624,-0.109809116
other,0,0,0,0,0,0,0,0,0,0,0,0,0,0,0,NA,NA,NA,NaN,NaN,NaN,NaN
Total,20146.34061,17992.36874,-2153.971871,4024.540251,3670.161231,-354.3790196,2987.600131,2260.21013,-727.3900004,12.69504419,9.693841835,-3.001202356,0,-65.81636768,-36.36950002,0.004487073,0,-163.0523764,-0.106916284,-0.243469664,-0.236407397,-0.088054535
,,,,,,,,,,,,,,,,,,,,,,
11am-3pm,3779.159362,5828.357872,2049.19851,,,,531.6496486,606.4401462,74.79049762,2.146392979,2.53010745,0.38371447,,,,,,,0.542236596,0.140676285,0.178771769,
other really,7024.995631,8750.797286,1725.801655,,,,1078.173175,1192.856021,114.6828459,4.723987307,5.262899726,0.53891242,,,,,,,0.245665869,0.106367742,0.114079989,