Time,Xinitial,Xfinal,Xchange,CustCostInitial,CustCostFinal,CustCostChange,CO2Initial,CO2Final,CO2Change,NOXInitial,NOXFinal,NOXChange,NOXChangeDAC,NOXChangeCost,CO2ChangeCost,RedCurtProp,SolarNonCurt,ChangeCurtCost
intervention hours,8172.975410361445,3446.067605156471,-6663.089235596085,810.1655487076305,689.1573327104059,-121.00821599722462,1215.1272806677182,33.77945559874276,-1181.3478250689755,5.175578001924114,0.25024069944865934,-4.925337302475454,0,-108.0126470432867,-59.067391253448776,"NA","NA","NA"
peak period,8172.975410361445,3446.067605156471,-6663.089235596085,810.1655487076305,689.1573327104059,-121.00821599722462,1215.1272806677182,33.77945559874276,-1181.3478250689755,5.175578001924114,0.25024069944865934,-4.925337302475454,-0.8619340279332045,-108.0126470432867,-59.067391253448776,"NA","NA","NA"
other,16236.316557911647,15266.514025912933,-3606.788886338903,1399.7865131437752,1256.7906967470426,-142.9958163967326,2493.9716713987086,2239.0060140345886,-254.96565736412046,10.935124036902334,9.7655988763741,-1.1695251605282337,0,-25.647686770384166,-12.748282868206024,"NA","NA","NA"
Total,24409.291968273094,18712.581631069403,-10269.878121934988,2209.9520618514057,1945.9480294574485,-264.00403239395723,3709.098952066427,2272.785469633331,-1436.313482433096,16.110702038826446,10.015839575822758,-6.094862463003688,0,-133.66033381367086,-71.8156741216548,-0.00861903953821191,0,491.126232398599
