Time,Xinitial,Xfinal,Xchange,CustCostInitial,CustCostFinal,CustCostChange,CO2Initial,CO2Final,CO2Change,NOXInitial,NOXFinal,NOXChange,NOXChangeDAC,NOXChangeCost,CO2ChangeCost,ChangeCurtCost
intervention hours,181.07461818181818,48.695989280145355,-166.17895938128717,17.942504818181817,18.99143581925669,1.0489310010748731,40.67273407832677,-26.979888002527723,-67.65262208085448,0.1463613114468227,-0.02212487660651425,-0.16848618805333698,0,-3.69490210400968,-3.3826311040427246,"NA"
peak period,181.07461818181818,48.695989280145355,-166.17895938128717,17.942504818181817,18.99143581925669,1.0489310010748731,40.67273407832677,-26.979888002527723,-67.65262208085448,0.1463613114468227,-0.02212487660651425,-0.16848618805333698,-0.02948508290933397,-3.69490210400968,-3.3826311040427246,"NA"
other,344.46398636363637,397.8848704311711,50.77952445579727,29.459239636363634,39.904047210123,10.444807573759363,73.75383696338842,82.63169453899512,8.877857575606704,0.26995849135662275,0.30196953344229976,0.03201104208567703,0,0.7020021529388973,0.44389287878033523,"NA"
Total,525.5386045454545,446.58085971131646,-115.3994349254899,47.40174445454545,58.89548302937968,12.542669575909109,114.42657104171519,55.651806536467404,-58.77476450524779,0.41631980280344544,0.2798446568357855,-0.13647514596765994,0,-2.9928999510707825,-2.9387382252623895,0.918984977709811
