Time,Xinitial,Xfinal,Xchange,CustCostInitial,CustCostFinal,CustCostChange,CO2Initial,CO2Final,CO2Change,NOXInitial,NOXFinal,NOXChange,NOXChangeDAC,NOXChangeCost,CO2ChangeCost,ChangeCurtCost
intervention hours,181.07461818181818,83.38399030826446,-134.90876377690344,17.942504818181817,16.68545260246281,-1.257052215719007,40.67273407832677,-14.40773757131088,-55.08047164963765,0.1463613114468227,0.009579474393640763,-0.13678183705318195,0,-2.9996256865762803,-2.754023582481883,"NA"
peak period,181.07461818181818,83.38399030826446,-134.90876377690344,17.942504818181817,16.68545260246281,-1.257052215719007,40.67273407832677,-14.40773757131088,-55.08047164963765,0.1463613114468227,0.009579474393640763,-0.13678183705318195,-0.023936821484306838,-2.9996256865762803,-2.754023582481883,"NA"
other,344.46398636363637,332.0033426316199,-62.29960346887157,29.459239636363634,27.315847364766892,-2.143392271596742,73.75383696338842,64.16843383718302,-9.5854031262054,0.26995849135662275,0.2364414836724716,-0.033517007684151154,0,-0.7350279785134348,-0.47927015631027,"NA"
Total,525.5386045454545,415.38733293988435,-197.208367245775,47.40174445454545,44.0012999672297,-4.657496703034756,114.42657104171519,49.76069626587214,-64.66587477584305,0.41631980280344544,0.24602095806611235,-0.17029884473733312,0,-3.734653665089715,-3.2332937387921525,9.17884483441819
