Time,Xinitial,Xfinal,Xchange,CustCostInitial,CustCostFinal,CustCostChange,CO2Initial,CO2Final,CO2Change,NOXInitial,NOXFinal,NOXChange,NOXChangeDAC,NOXChangeCost,CO2ChangeCost,RedCurtProp,SolarNonCurt,ChangeCurtCost,PropDemandChange,PropCO2Change,PropNOXChange,PropCustCostChange
intervention hours,525.5386045,393.4113183,-132.1272862,47.40174445,39.23638654,-8.165357913,114.426571,82.48001141,-31.94655963,0.416319803,0.289499098,-0.126820704,0,-2.781178048,-1.597327982,NA,NA,NA,-0.251413093,-0.279188298,-0.304623281,-0.172258595
peak period,181.0746182,3.746414647,-177.3282035,17.94250482,1.461101712,-16.48140311,40.67273408,3.016640181,-37.6560939,0.146361311,0,-0.146361311,-0.02561323,-3.20970356,-1.882804695,NA,NA,NA,-0.979310106,-0.925831389,-1,-0.918567573
other,0,0,0,0,0,0,0,0,0,0,0,0,0,0,0,NA,NA,NA,NaN,NaN,NaN,NaN
Total,525.5386045,393.4113183,-132.1272862,47.40174445,39.23638654,-8.165357913,114.426571,82.48001141,-31.94655963,0.416319803,0.289499098,-0.126820704,0,-2.781178048,-1.597327982,6.33E-06,0,-0.360886077,-0.251413093,-0.279188298,-0.304623281,-0.172258595
,,,,,,,,,,,,,,,,,,,,,,
other (really),344.4639864,389.6649037,45.20091733,29.45923964,37.77528483,8.316045193,73.75383696,79.46337123,5.709534265,0.269958491,0.289499098,0.019540607,0.02561323,0.428525512,0.285476713,,,,0.131221025,0.077413386,0.072383746,