Time,Xinitial,Xfinal,Xchange,CustCostInitial,CustCostFinal,CustCostChange,CO2Initial,CO2Final,CO2Change,NOXInitial,NOXFinal,NOXChange,NOXChangeDAC,NOXChangeCost,CO2ChangeCost,ChangeCurtCost
intervention hours,444.0340954545454,818.4236492191885,358.88355627217703,89.60042068181818,242.49786860009925,152.89744791828107,93.07530821167457,189.36648999792,96.29118178624545,0.3361512018354727,0.6023875662564764,0.2662363644210037,0,5.838563471752611,4.814559089312272,"NA"
peak period,212.24163181818182,371.2839757434547,143.5363464328068,45.33214509090909,193.0676673865964,147.73552229568733,46.642616528622696,108.76271570758905,62.12009917896636,0.16760638340237274,0.31313558846905265,0.1455292050666799,0.025467610886668983,3.19145546711229,3.1060049589483185,"NA"
other,0,0,0,0,0,0,0,0,0,0,0,0,0,0,0,"NA"
Total,444.0340954545454,818.4236492191885,358.88355627217703,89.60042068181818,242.49786860009925,300.6329702139684,93.07530821167457,189.36648999792,96.29118178624545,0.3361512018354727,0.6023875662564764,0.2662363644210037,0,5.838563471752611,4.814559089312272,-28.245022449013
