Time,Xinitial,Xfinal,Xchange,CustCostInitial,CustCostFinal,CustCostChange,CO2Initial,CO2Final,CO2Change,NOXInitial,NOXFinal,NOXChange,NOXChangeDAC,NOXChangeCost,CO2ChangeCost,RedCurtProp,SolarNonCurt,ChangeCurtCost
intervention hours,525.5386045454545,394.3688852995473,-131.16971924590726,47.40174445454545,39.39920188661622,-8.002542567929233,114.42657104171519,82.61857002943903,-31.808001012276154,0.41631980280344544,0.290000576250142,-0.1263192265533035,0,-2.7701806383139456,-1.5904000506138078,"NA","NA","NA"
peak period,181.07461818181818,3.9843059919834642,-177.0903121898347,17.942504818181817,1.553879336873551,-16.388625481308267,40.67273407832677,3.0166401808171504,-37.656093897509614,0.1463613114468227,0,-0.1463613114468227,-0.025613229503193974,-3.209703560028822,-1.8828046948754809,"NA","NA","NA"
other,0,0,0,0,0,0,0,0,0,0,0,0,0,0,0,"NA","NA","NA"
Total,525.5386045454545,394.3688852995473,-131.16971924590726,47.40174445454545,39.39920188661622,-8.002542567929233,114.42657104171519,82.61857002943903,-31.808001012276154,0.41631980280344544,0.290000576250142,-0.1263192265533035,0,-2.7701806383139456,-1.5904000506138078,7.17290942584977e-06,0,-0.40872349709453
