Time,Xinitial,Xfinal,Xchange,CustCostInitial,CustCostFinal,CustCostChange,CO2Initial,CO2Final,CO2Change,NOXInitial,NOXFinal,NOXChange,NOXChangeDAC,NOXChangeCost,CO2ChangeCost,RedCurtProp,SolarNonCurt,ChangeCurtCost
intervention hours,444.0340954545454,840.1551514158069,381.1403316221982,89.60042068181818,250.37100925154502,160.77058856972684,93.07530821167457,196.40852954042217,103.33322132874761,0.3361512018354727,0.6216207489998233,0.2854695471643506,0,6.260347169314208,5.166661066437381,"NA","NA","NA"
peak period,212.24163181818182,384.57743845790924,157.35508230066407,45.33214509090909,199.9802679981128,154.6481229072037,46.642616528622696,114.34411201314548,67.7014954845228,0.16760638340237274,0.32714618366569925,0.15953980026332648,0.027919465046082132,3.49870781977475,3.38507477422614,"NA","NA","NA"
other,0,0,0,0,0,0,0,0,0,0,0,0,0,0,0,"NA","NA","NA"
Total,444.0340954545454,840.1551514158069,381.1403316221982,89.60042068181818,250.37100925154502,160.77058856972684,93.07530821167457,196.40852954042217,103.33322132874761,0.3361512018354727,0.6216207489998233,0.2854695471643506,0,6.260347169314208,5.166661066437381,0.000693425455564605,0,-25.1978675606705
