Time,Xinitial,Xfinal,Xchange,CustCostInitial,CustCostFinal,CustCostChange,CO2Initial,CO2Final,CO2Change,NOXInitial,NOXFinal,NOXChange,NOXChangeDAC,NOXChangeCost,CO2ChangeCost,RedCurtProp,SolarNonCurt,ChangeCurtCost
intervention hours,181.07461818181818,81.2863587606336,-141.6537461623622,17.942504818181817,16.265716813126996,-1.6767880050548207,40.67273407832677,-17.162184919459534,-57.8349189977863,0.1463613114468227,0.0027408446727422552,-0.14362046677408047,0,-3.1495968363555846,-2.8917459498893154,"NA","NA","NA"
peak period,181.07461818181818,81.2863587606336,-141.6537461623622,17.942504818181817,16.265716813126996,-1.6767880050548207,40.67273407832677,-17.162184919459534,-57.8349189977863,0.1463613114468227,0.0027408446727422552,-0.14362046677408047,-0.02513358168546408,-3.1495968363555846,-2.8917459498893154,"NA","NA","NA"
other,344.46398636363637,326.94343847961363,-73.71974100477567,29.459239636363634,26.752112906507282,-2.707126729856352,73.75383696338842,62.234073990087985,-11.519762973300436,0.26995849135662275,0.22956602702630527,-0.04039246433031746,0,-0.8858067427638618,-0.5759881486650218,"NA","NA","NA"
Total,525.5386045454545,408.22979724024725,-215.37348716713788,47.40174445454545,43.01782971963428,-4.383914734911173,114.42657104171519,45.07188907062845,-69.35468197108673,0.41631980280344544,0.23230687169904754,-0.18401293110439793,0,-4.035403579119446,-3.467734098554337,-0.000155321524068668,0,8.85046118979502
