Time,Xinitial,Xfinal,Xchange,CustCostInitial,CustCostFinal,CustCostChange,CO2Initial,CO2Final,CO2Change,NOXInitial,NOXFinal,NOXChange,NOXChangeDAC,NOXChangeCost,CO2ChangeCost,RedCurtProp,SolarNonCurt,ChangeCurtCost
intervention hours,39.80731818181818,22.405387354545454,-17.40193082727273,3.7969531818181816,4.396400769727273,0.5994475879090913,9.413955642162637,3.2309476141903564,-6.1830080279722806,0.03399752429481818,0.016353985059939596,-0.017643539234878585,0,-0.38692281542088736,-0.30915040139861405,"NA","NA","NA"
peak period,39.80731818181818,22.405387354545454,-17.40193082727273,3.7969531818181816,4.396400769727273,0.5994475879090913,9.413955642162637,3.2309476141903564,-6.1830080279722806,0.03399752429481818,0.016353985059939596,-0.017643539234878585,-0.003087619366103752,-0.38692281542088736,-0.30915040139861405,"NA","NA","NA"
other,92.38490909090909,97.66718742748425,5.282278336575167,7.499982272727273,7.928807654207498,0.428825381480225,20.80404734931936,21.928619687469197,1.1245723381498334,0.07646221128845454,0.08057941499978531,0.004117203711330764,0,0.09029027738948366,0.056228616907491674,"NA","NA","NA"
Total,132.19222727272728,120.0725747820297,-12.119652490697561,11.296935454545455,12.32520842393477,1.028272969389315,30.218002991482,25.159567301659553,-5.0584356898224465,0.11045973558327273,0.09693340005972491,-0.013526335523547818,0,-0.29663253803140366,-0.25292178449112235,-9.27753138494681e-07,0,0.0528648118487916
