Time,Xinitial,Xfinal,Xchange,CustCostInitial,CustCostFinal,CustCostChange,CO2Initial,CO2Final,CO2Change,NOXInitial,NOXFinal,NOXChange,NOXChangeDAC,NOXChangeCost,CO2ChangeCost,RedCurtProp,SolarNonCurt,ChangeCurtCost
intervention hours,39.80731818181818,15.495375626262625,-37.42452698559704,3.7969531818181816,3.0405539144444447,-0.756399267373737,9.413955642162637,-3.987106571239952,-13.40106221340259,0.03399752429481818,-0.003946604823446888,-0.03794412911826507,0,-0.832114751563553,-0.6700531106701295,"NA","NA","NA"
peak period,39.80731818181818,15.495375626262625,-37.42452698559704,3.7969531818181816,3.0405539144444447,-0.756399267373737,9.413955642162637,-3.987106571239952,-13.40106221340259,0.03399752429481818,-0.003946604823446888,-0.03794412911826507,-0.0066402225956963875,-0.832114751563553,-0.6700531106701295,"NA","NA","NA"
other,92.38490909090909,86.83211363491593,-22.810007480159758,7.499982272727273,6.600319882101525,-0.8996623906257479,20.80404734931936,16.86922508366101,-3.9348222656583527,0.07646221128845454,0.06257070270471149,-0.013891508583743058,0,-0.30464078324148525,-0.19674111328291766,"NA","NA","NA"
Total,132.19222727272728,102.32748926117856,-60.234534465756795,11.296935454545455,9.64087379654597,-1.6560616579994853,30.218002991482,12.882118512421059,-17.33588447906094,0.11045973558327273,0.058624097881264596,-0.05183563770200813,0,-1.1367555348050382,-0.8667942239530471,-3.50804473389795e-05,0,1.99893826406843
