Time,Xinitial,Xfinal,Xchange,CustCostInitial,CustCostFinal,CustCostChange,CO2Initial,CO2Final,CO2Change,NOXInitial,NOXFinal,NOXChange,NOXChangeDAC,NOXChangeCost,CO2ChangeCost,RedCurtProp,SolarNonCurt,ChangeCurtCost
intervention hours,132.19222727272728,81.96742435493633,-50.22480291779094,11.296935454545455,9.34565949849565,-1.9512759560498054,30.218002991482,18.671025469142727,-11.546977522339272,0.11045973558327273,0.06215533289291692,-0.048304402690355804,0,-1.0593155509995027,-0.5773488761169636,"NA","NA","NA"
peak period,39.80731818181818,3.773239314750816,-36.034078867067365,3.7969531818181816,1.0942394012777366,-2.702713780540445,9.413955642162637,1.755162290154623,-7.658793352008013,0.03399752429481818,2.4321537958051304e-4,-0.03375430891523767,-0.005907004060166592,-0.7402319945111621,-0.38293966760040066,"NA","NA","NA"
other,0,0,0,0,0,0,0,0,0,0,0,0,0,0,0,"NA","NA","NA"
Total,132.19222727272728,81.96742435493633,-50.22480291779094,11.296935454545455,9.34565949849565,-1.9512759560498054,30.218002991482,18.671025469142727,-11.546977522339272,0.11045973558327273,0.06215533289291692,-0.048304402690355804,0,-1.0593155509995027,-0.5773488761169636,-1.08816365109286e-06,0,0.0620052514929301
