Time,Xinitial,Xfinal,Xchange,CustCostInitial,CustCostFinal,CustCostChange,CO2Initial,CO2Final,CO2Change,NOXInitial,NOXFinal,NOXChange,NOXChangeDAC,NOXChangeCost,CO2ChangeCost,RedCurtProp,SolarNonCurt,ChangeCurtCost
intervention hours,132.19222727272728,144.99368259384673,12.521687390395208,11.296935454545455,21.452372102605736,10.155436648060281,30.218002991482,30.724943057239024,0.5069400657570244,0.11045973558327273,0.11404040739540923,0.003580671812136512,0,0.07852413284015371,0.025347003287851222,"NA","NA","NA"
peak period,39.80731818181818,33.16324198123057,-6.923844131311854,3.7969531818181816,9.617340174556865,5.820386992738683,9.413955642162637,6.89970258914855,-2.5142530530140865,0.03399752429481818,0.026977549511587193,-0.007019974783230988,-0.0012284955870654228,-0.15394804699625556,-0.12571265265070433,"NA","NA","NA"
other,0,0,0,0,0,0,0,0,0,0,0,0,0,0,0,"NA","NA","NA"
Total,132.19222727272728,144.99368259384673,12.521687390395208,11.296935454545455,21.452372102605736,10.155436648060281,30.218002991482,30.724943057239024,0.5069400657570244,0.11045973558327273,0.11404040739540923,0.003580671812136512,0,0.07852413284015371,0.025347003287851222,2.8723238729439e-05,0,-1.63669466382347
