Time,Xinitial,Xfinal,Xchange,CustCostInitial,CustCostFinal,CustCostChange,CO2Initial,CO2Final,CO2Change,NOXInitial,NOXFinal,NOXChange,NOXChangeDAC,NOXChangeCost,CO2ChangeCost,RedCurtProp,SolarNonCurt,ChangeCurtCost,PropDemandChange,PropCO2Change,PropNOXChange,PropCustCostChange
intervention hours,39.80731818181818,22.382145152571166,-17.425173029247016,3.7969531818181816,4.391836693302571,0.5948835114843898,9.413955642162637,3.2224259094700547,-6.191529732692582,0.03399752429481818,0.0163304201632331,-0.017667104131585083,0,-0.3874395936056609,-0.3095764866346291,"NA","NA","NA",-0.43773792923347166,-0.6576969308164514,-0.5196585486160785,0.1566739127395635
peak period,39.80731818181818,22.382145152571166,-17.425173029247016,3.7969531818181816,4.391836693302571,0.5948835114843898,9.413955642162637,3.2224259094700547,-6.191529732692582,0.03399752429481818,0.0163304201632331,-0.017667104131585083,-0.003091743223027389,-0.3874395936056609,-0.3095764866346291,"NA","NA","NA",-0.43773792923347166,-0.6576969308164514,-0.5196585486160785,0.1566739127395635
other,92.38490909090909,97.40295971194912,5.018050621040041,7.499982272727273,7.907357146738506,0.40737487401123307,20.80404734931936,21.872366843349667,1.068319494030305,0.07646221128845454,0.08037346611528502,0.003911254826830481,0,0.08577381835239245,0.05341597470151525,"NA","NA","NA",0.05431677825327676,0.051351521946293624,0.051152782020326734,0.054316778253276646
Total,132.19222727272728,119.78510486452029,-12.407122408206975,11.296935454545455,12.299193840041077,1.0022583854956224,30.218002991482,25.09479275281972,-5.123210238662277,0.11045973558327273,0.09670388627851813,-0.0137558493047546,0,-0.3016657752532684,-0.25616051193311384,-1.06830263085191e-06,0,0.0608735397750195,-0.09385667118392446,-0.16954165502288265,-0.12453270173170407,0.08871949295703481
