Time,Xinitial,Xfinal,Xchange,CustCostInitial,CustCostFinal,CustCostChange,CO2Initial,CO2Final,CO2Change,NOXInitial,NOXFinal,NOXChange,NOXChangeDAC,NOXChangeCost,CO2ChangeCost,RedCurtProp,SolarNonCurt,ChangeCurtCost
intervention hours,39.80731818181818,16.91234996795225,-33.40275343265041,3.7969531818181816,3.318555375067952,-0.47839780675022947,9.413955642162637,-2.54085183677886,-11.954807478941497,0.03399752429481818,1.3100703350885567e-4,-0.03386651726130933,0,-0.7426927235405135,-0.5977403739470749,"NA","NA","NA"
peak period,39.80731818181818,16.91234996795225,-33.40275343265041,3.7969531818181816,3.318555375067952,-0.47839780675022947,9.413955642162637,-2.54085183677886,-11.954807478941497,0.03399752429481818,1.3100703350885567e-4,-0.03386651726130933,-0.005926640520729132,-0.7426927235405135,-0.5977403739470749,"NA","NA","NA"
other,92.38490909090909,90.75266013981357,-15.524589454483262,7.499982272727273,7.008548168829909,-0.49143410389736353,20.80404734931936,18.24442298253674,-2.559624366782622,0.07646221128845454,0.06750529225263308,-0.008956919035821473,0,-0.1964252344555649,-0.1279812183391311,"NA","NA","NA"
Total,132.19222727272728,107.66501010776582,-48.92734288713367,11.296935454545455,10.327103543897861,-0.9698319106475939,30.218002991482,15.703571145757882,-14.514431845724118,0.11045973558327273,0.06763629928614193,-0.0428234362971308,0,-0.9391179579960784,-0.7257215922862059,-2.75422507852392e-05,0,1.56940014023165
