Time,Xinitial,Xfinal,Xchange,CustCostInitial,CustCostFinal,CustCostChange,CO2Initial,CO2Final,CO2Change,NOXInitial,NOXFinal,NOXChange,NOXChangeDAC,NOXChangeCost,CO2ChangeCost,RedCurtProp,SolarNonCurt,ChangeCurtCost
intervention hours,132.19222727272728,100.20622116816774,-44.15395261759242,11.296935454545455,10.885539187008272,-0.4113962675371834,30.218002991482,23.195039227355135,-7.022963764126865,0.11045973558327273,0.0789316054643133,-0.03152813011895943,0,-0.6914118935087802,-0.35114818820634325,"NA","NA","NA"
peak period,39.80731818181818,0.48964355504132145,-51.45580053537191,3.7969531818181816,0.19096098646611537,-3.605992195352066,9.413955642162637,1.637209352819827,-7.776746289342809,0.03399752429481818,0,-0.03399752429481818,-0.005949566751593181,-0.7455657077853627,-0.3888373144671405,"NA","NA","NA"
other,0,0,0,0,0,0,0,0,0,0,0,0,0,0,0,"NA","NA","NA"
Total,132.19222727272728,100.20622116816774,-44.15395261759242,11.296935454545455,10.885539187008272,-0.4113962675371834,30.218002991482,23.195039227355135,-7.022963764126865,0.11045973558327273,0.0789316054643133,-0.03152813011895943,0,-0.6914118935087802,-0.35114818820634325,5.6678921724949e-06,0,-0.322965281221627
