Time,Xinitial,Xfinal,Xchange,CustCostInitial,CustCostFinal,CustCostChange,CO2Initial,CO2Final,CO2Change,NOXInitial,NOXFinal,NOXChange,NOXChangeDAC,NOXChangeCost,CO2ChangeCost,RedCurtProp,SolarNonCurt,ChangeCurtCost
intervention hours (all),6972.195758,5359.741133,-1612.454626,595.8326528,574.3595819,-21.47307088,1086.277036,778.2542803,-308.0227552,4.820825732,3.489058415,-1.331767317,0,-29.20565727,-15.40113776,NA,NA,NA
peak period,2099.551696,3.650463031,-2095.901233,200.2621592,1.423680582,-198.8384787,318.5260576,0,-318.5260576,1.381588067,0,-1.381588067,-0.241777912,-30.2982263,-15.92630288,NA,NA,NA
other,0,0,0,0,0,0,0,0,0,0,0,0,0,0,0,NA,NA,NA
Total,6972.195758,5359.741133,-1612.454626,595.8326528,574.3595819,-21.47307088,1086.277036,778.2542803,-308.0227552,4.820825732,3.489058415,-1.331767317,0,-29.20565727,-15.40113776,-6.49E-05,0,13.3540846
,,,,,,,,,,,,,,,,,,
,4872.644062,5356.09067,483.4466072,395.5704936,572.9359014,177.3654078,767.7509779,778.2542803,10.50330238,3.439237665,3.489058415,0.04982075,0.241777912,1.092569038,0.525165119,#VALUE!,#VALUE!,#VALUE!
,,,,,,,,,,,,,,,,,,
,,,,,,,,0.716441805,,,0.723747053,,,,,,,