Time,Xinitial,Xfinal,Xchange,CustCostInitial,CustCostFinal,CustCostChange,CO2Initial,CO2Final,CO2Change,NOXInitial,NOXFinal,NOXChange,NOXChangeDAC,NOXChangeCost,CO2ChangeCost,RedCurtProp,SolarNonCurt,ChangeCurtCost,PropDemandChange,PropCO2Change,PropNOXChange,PropCustCostChange
intervention hours,132.115,106.31338715603412,-25.80161284396588,19.650513181818184,18.287429434177696,-1.3630837476404878,30.06545791575205,23.107642123813502,-6.957815791938545,0.10954907559431819,0.08034043613546699,-0.0292086394588512,0,-0.6405454633326069,-0.34789078959692726,"NA","NA","NA",-0.19529661918757052,-0.23142224580232224,-0.2666260696440429,-0.06936631807161624
peak period,55.47468181818182,11.453048984341693,-44.02163283384013,9.456653181818183,5.955585471857681,-3.501067709960502,12.97871272407182,2.924937903663474,-10.053774820408345,0.04683305713177273,0.006637475379122111,-0.040195581752650617,-0.007034226806713857,-0.8814891078356281,-0.5026887410204173,"NA","NA","NA",-0.7935445754897875,-0.7746357465607088,-0.8582737112282367,-0.3702227038094009
other,0,0,0,0,0,0,0,0,0,0,0,0,0,0,0,"NA","NA","NA",NaN,NaN,NaN,NaN
Total,132.115,106.31338715603412,-25.80161284396588,19.650513181818184,18.287429434177696,-1.3630837476404878,30.06545791575205,23.107642123813502,-6.957815791938545,0.10954907559431819,0.08034043613546699,-0.0292086394588512,0,-0.6405454633326069,-0.34789078959692726,-6.58822852174073e-06,0,0.239404695080145,-0.19529661918757052,-0.23142224580232224,-0.2666260696440429,-0.06936631807161624
