Time,Xinitial,Xfinal,Xchange,CustCostInitial,CustCostFinal,CustCostChange,CO2Initial,CO2Final,CO2Change,NOXInitial,NOXFinal,NOXChange,NOXChangeDAC,NOXChangeCost,CO2ChangeCost,RedCurtProp,SolarNonCurt,ChangeCurtCost,PropDemandChange,PropCO2Change,PropNOXChange,PropCustCostChange
intervention hours,6972.195758,5327.433742,-1644.762016,595.8326528,570.8086479,-25.02400494,1086.277036,773.5563598,-312.7206757,4.820825732,3.466197333,-1.354628399,0,-29.70700078,-15.63603379,NA,NA,NA,-0.235903017,-0.287882985,-0.280995098,-0.041998378
peak period,2099.551696,3.978630282,-2095.573066,200.2621592,1.55166581,-198.7104934,318.5260576,0,-318.5260576,1.381588067,0,-1.381588067,-0.241777912,-30.2982263,-15.92630288,NA,NA,NA,-0.99810501,-1,-1,-0.992251827
other,0,0,0,0,0,0,0,0,0,0,0,0,0,0,0,NA,NA,NA,NaN,NaN,NaN,NaN
Total,6972.195758,5327.433742,-1644.762016,595.8326528,570.8086479,-25.02400494,1086.277036,773.5563598,-312.7206757,4.820825732,3.466197333,-1.354628399,0,-29.70700078,-15.63603379,-6.98E-05,0,14.36328326,-0.235903017,-0.287882985,-0.280995098,-0.041998378
,,,,,,,,,,,,,,,,,,,,,,
other really,4872.644062,5323.455112,450.8110494,395.5704936,569.2569821,173.6864885,767.7509779,773.5563598,5.805381906,3.439237665,3.466197333,0.026959668,0.241777912,0.591225521,0.290269095,,,,0.092518773,0.007561543,0.00783885,