Time,Xinitial,Xfinal,Xchange,CustCostInitial,CustCostFinal,CustCostChange,CO2Initial,CO2Final,CO2Change,NOXInitial,NOXFinal,NOXChange,NOXChangeDAC,NOXChangeCost,CO2ChangeCost,RedCurtProp,SolarNonCurt,ChangeCurtCost
intervention hours,39.80731818,22.40538735,-17.40193083,3.796953182,4.39640077,0.599447588,9.413955642,3.230947614,-6.183008028,0.033997524,0.016353985,-0.017643539,0,-0.386922815,-0.309150401,NA,NA,NA
peak period,39.80731818,22.40538735,-17.40193083,3.796953182,4.39640077,0.599447588,9.413955642,3.230947614,-6.183008028,0.033997524,0.016353985,-0.017643539,-0.003087619,-0.386922815,-0.309150401,NA,NA,NA
other,92.38490909,97.66718743,5.282278337,7.499982273,7.928807654,0.428825381,20.80404735,21.92861969,1.124572338,0.076462211,0.080579415,0.004117204,0,0.090290277,0.056228617,NA,NA,NA
Total,132.1922273,120.0725748,-12.11965249,11.29693545,12.32520842,1.028272969,30.21800299,25.1595673,-5.05843569,0.110459736,0.0969334,-0.013526336,0,-0.296632538,-0.252921784,-9.28E-07,0,0.052864812
,,,,,,,,,,,,,,,,,,
,,,,,,,,-0.65679171,,,,,,,,,,