Time,Xinitial,Xfinal,Xchange,CustCostInitial,CustCostFinal,CustCostChange,CO2Initial,CO2Final,CO2Change,NOXInitial,NOXFinal,NOXChange,NOXChangeDAC,NOXChangeCost,CO2ChangeCost,RedCurtProp,SolarNonCurt,ChangeCurtCost
intervention hours,132.19222727272728,154.7867510516741,22.083979840589233,11.296935454545455,23.31540675670288,12.018471302157426,30.218002991482,33.27303313763709,3.05503014615509,0.11045973558327273,0.12233121310491013,0.011871477521637409,0,0.26034150204950834,0.15275150730775452,"NA","NA","NA"
peak period,39.80731818181818,37.68136753375193,-2.6364945864238267,3.7969531818181816,10.92759658478806,7.130643402969877,9.413955642162637,8.361741098861788,-1.052214543300848,0.03399752429481818,0.03132442461755645,-0.002673099677261736,-4.677924435208037e-4,-0.058621075922349865,-0.052610727165042406,"NA","NA","NA"
other,0,0,0,0,0,0,0,0,0,0,0,0,0,0,0,"NA","NA","NA"
Total,132.19222727272728,154.7867510516741,22.083979840589233,11.296935454545455,23.31540675670288,12.018471302157426,30.218002991482,33.27303313763709,3.05503014615509,0.11045973558327273,0.12233121310491013,0.011871477521637409,0,0.26034150204950834,0.15275150730775452,3.31638941517898e-05,0,-1.88973009280492
