Time,Xinitial,Xfinal,Xchange,CustCostInitial,CustCostFinal,CustCostChange,CO2Initial,CO2Final,CO2Change,NOXInitial,NOXFinal,NOXChange,NOXChangeDAC,NOXChangeCost,CO2ChangeCost,RedCurtProp,SolarNonCurt,ChangeCurtCost,PropDemandChange,PropCO2Change,PropNOXChange,PropCustCostChange
intervention hours,6968.122571428571,5791.420945026659,-1176.7016264019128,1036.4242095324676,980.490220532692,-55.93398899977558,1075.1041432811314,820.1959551709941,-254.90818811013722,4.7319571035116885,3.664957806086275,-1.0669992974254137,0,-23.39929459253932,-12.745409405506862,"NA","NA","NA",-0.16886924911837065,-0.2371009261783495,-0.22548794802758676,-0.053968238570003574
peak period,2925.893218181818,583.6038402031444,-2342.289377978674,498.77090781818185,303.4739969056351,-195.29691091254676,441.88578740886294,79.00162138254198,-362.884166026321,1.9089752074049093,0.3265711126979374,-1.5824040947069717,-0.27692071657372,-34.70212179692389,-18.144208301316052,"NA","NA","NA",-0.8005382299748445,-0.821217102623298,-0.8289285730735689,-0.39155633949632607
other,0,0,0,0,0,0,0,0,0,0,0,0,0,0,0,"NA","NA","NA",NaN,NaN,NaN,NaN
Total,6968.122571428571,5791.420945026659,-1176.7016264019128,1036.4242095324676,980.490220532692,-55.93398899977558,1075.1041432811314,820.1959551709941,-254.90818811013722,4.7319571035116885,3.664957806086275,-1.0669992974254137,0,-23.39929459253932,-12.745409405506862,3.43402716775746e-05,0,-9.82762035749972,-0.16886924911837065,-0.2371009261783495,-0.22548794802758676,-0.053968238570003574
