Time,Xinitial,Xfinal,Xchange,CustCostInitial,CustCostFinal,CustCostChange,CO2Initial,CO2Final,CO2Change,NOXInitial,NOXFinal,NOXChange,NOXChangeDAC,NOXChangeCost,CO2ChangeCost,RedCurtProp,SolarNonCurt,ChangeCurtCost,PropDemandChange,PropCO2Change,PropNOXChange,PropCustCostChange
intervention hours,6968.122571428571,4767.00366464951,-6699.08668589305,1036.4242095324676,832.6825691817514,-203.74164035071612,1075.1041432811314,392.0417222626202,-683.0624210185111,4.7319571035116885,1.6491313159022196,-3.082825787609469,0,-67.60636952227566,-34.153121050925556,"NA","NA","NA",-0.9613904774524705,-0.6353453526221744,-0.6514906454501957,-0.19658132112006943
peak period,2925.893218181818,546.0822891726029,-5117.699328857096,498.77090781818185,283.9627903697535,-214.80811744842833,441.88578740886294,72.93434936969099,-368.951438039172,1.9089752074049093,0.30198915670316334,-1.606986050701746,-0.2812225588728055,-35.24120409188929,-18.4475719019586,"NA","NA","NA",-1.7491066649511187,-0.8349475103117379,-0.8418056161590007,-0.43067491323437984
other,0,0,0,0,0,0,0,0,0,0,0,0,0,0,0,"NA","NA","NA",NaN,NaN,NaN,NaN
Total,6968.122571428571,4767.00366464951,-6699.08668589305,1036.4242095324676,832.6825691817514,-203.74164035071612,1075.1041432811314,392.0417222626202,-683.0624210185111,4.7319571035116885,1.6491313159022196,-3.082825787609469,0,-67.60636952227566,-34.153121050925556,-0.000478680457673008,0,136.990465734626,-0.9613904774524705,-0.6353453526221744,-0.6514906454501957,-0.19658132112006943
