Time,Xinitial,Xfinal,Xchange,CustCostInitial,CustCostFinal,CustCostChange,CO2Initial,CO2Final,CO2Change,NOXInitial,NOXFinal,NOXChange,NOXChangeDAC,NOXChangeCost,CO2ChangeCost,RedCurtProp,SolarNonCurt,ChangeCurtCost
intervention hours,132.19222727272728,83.2470832531641,-48.945144019563166,11.296935454545455,9.64470009873839,-1.6522353558070648,30.218002991482,18.81012172011588,-11.40788127136612,0.11045973558327273,0.0628817387372983,-0.04757799684597443,0,-1.0433854708322192,-0.570394063568306,"NA","NA","NA"
peak period,39.80731818181818,4.558494678518734,-35.24882350329945,3.7969531818181816,1.3219634567704328,-2.474989725047749,9.413955642162637,1.7605956948238626,-7.653359947338774,0.03399752429481818,4.6970446212846705e-4,-0.033527819832689716,-0.0058673684707207,-0.7352650889308855,-0.3826679973669387,"NA","NA","NA"
other,0,0,0,0,0,0,0,0,0,0,0,0,0,0,0,"NA","NA","NA"
Total,132.19222727272728,83.2470832531641,-48.945144019563166,11.296935454545455,9.64470009873839,-1.6522353558070648,30.218002991482,18.81012172011588,-11.40788127136612,0.11045973558327273,0.0628817387372983,-0.04757799684597443,0,-1.0433854708322192,-0.570394063568306,-1.05405252525193e-06,0,0.060061546670269
