Time,Xinitial,Xfinal,Xchange,CustCostInitial,CustCostFinal,CustCostChange,CO2Initial,CO2Final,CO2Change,NOXInitial,NOXFinal,NOXChange,NOXChangeDAC,NOXChangeCost,CO2ChangeCost,RedCurtProp,SolarNonCurt,ChangeCurtCost,PropDemandChange,PropCO2Change,PropNOXChange,PropCustCostChange
intervention hours,132.19222727272728,100.19909874018919,-31.993128532538083,11.296935454545455,10.89061095923473,-0.40632449531072545,30.218002991482,23.31028941227766,-6.9077135792043425,0.11045973558327273,0.07893291069828261,-0.03152682488499011,0,-0.6913832697278331,-0.34538567896021716,"NA","NA","NA",-0.24201974043854105,-0.22859596582711053,-0.2854146329295063,-0.035967674325981566
peak period,39.80731818181818,0.5124756647933876,-39.29484251702479,3.7969531818181816,0.19986550926942115,-3.5970876725487604,9.413955642162637,1.7520493868891365,-7.6619062552735,0.03399752429481818,0,-0.03399752429481818,-0.005949566751593181,-0.7455657077853627,-0.38309531276367503,"NA","NA","NA",-0.9871260941907043,-0.8138880770754678,-1,-0.947361608189829
other,0,0,0,0,0,0,0,0,0,0,0,0,0,0,0,"NA","NA","NA",NaN,NaN,NaN,NaN
Total,132.19222727272728,100.19909874018919,-31.993128532538083,11.296935454545455,10.89061095923473,-0.40632449531072545,30.218002991482,23.31028941227766,-6.9077135792043425,0.11045973558327273,0.07893291069828261,-0.03152682488499011,0,-0.6913832697278331,-0.34538567896021716,5.93876292038343e-06,0,-0.338399916285974,-0.24201974043854105,-0.22859596582711053,-0.2854146329295063,-0.035967674325981566
