Time,Xinitial,Xfinal,Xchange,CustCostInitial,CustCostFinal,CustCostChange,CO2Initial,CO2Final,CO2Change,NOXInitial,NOXFinal,NOXChange,NOXChangeDAC,NOXChangeCost,CO2ChangeCost,RedCurtProp,SolarNonCurt,ChangeCurtCost
intervention hours,39.80731818181818,10.958396145803837,-38.22107006170878,3.7969531818181816,4.2737744968634965,0.4768213150453149,9.413955642162637,-4.339086408962032,-13.75304205112467,0.03399752429481818,-0.004754207103627367,-0.038751731398445545,0,-0.8498254695679108,-0.6876521025562335,"NA","NA","NA"
peak period,39.80731818181818,10.958396145803837,-38.22107006170878,3.7969531818181816,4.2737744968634965,0.4768213150453149,9.413955642162637,-4.339086408962032,-13.75304205112467,0.03399752429481818,-0.004754207103627367,-0.038751731398445545,-0.00678155299472797,-0.8498254695679108,-0.6876521025562335,"NA","NA","NA"
other,92.38490909090909,105.84929875736674,12.454226620213182,7.499982272727273,11.713735596378843,4.21375332365157,20.80404734931936,23.182730233730265,2.3786828844109023,0.07646221128845454,0.08516701720742618,0.008704805918971638,0,0.19089639380304801,0.11893414422054512,"NA","NA","NA"
Total,132.19222727272728,116.80769490317057,-25.766843441495595,11.296935454545455,15.98751009324234,4.690574638696885,30.218002991482,18.843643824768233,-11.374359166713766,0.11045973558327273,0.08041281010379882,-0.030046925479473907,0,-0.6589290757648628,-0.5687179583356884,4.3541625224289e-06,0,-0.248106929479909
