Time,Xinitial,Xfinal,Xchange,CustCostInitial,CustCostFinal,CustCostChange,CO2Initial,CO2Final,CO2Change,NOXInitial,NOXFinal,NOXChange,NOXChangeDAC,NOXChangeCost,CO2ChangeCost,RedCurtProp,SolarNonCurt,ChangeCurtCost
intervention hours,39.80731818181818,19.172243099173553,-27.07411685212789,3.7969531818181816,3.762010325371901,-0.03494285644628059,9.413955642162637,-0.26098728315110076,-9.674942925313738,0.03399752429481818,0.006547510404315346,-0.027450013890502833,0,-0.6019788046187271,-0.48374714626568693,"NA","NA","NA"
peak period,39.80731818181818,19.172243099173553,-27.07411685212789,3.7969531818181816,3.762010325371901,-0.03494285644628059,9.413955642162637,-0.26098728315110076,-9.674942925313738,0.03399752429481818,0.006547510404315346,-0.027450013890502833,-0.004803752430837995,-0.6019788046187271,-0.48374714626568693,"NA","NA","NA"
other,92.38490909090909,92.43387230748097,-8.531412876781506,7.499982272727273,7.2847034973309395,-0.21527877539633344,20.80404734931936,19.452275494203864,-1.3517718551155011,0.07646221128845454,0.07176919972614965,-0.004693011562304893,0,-0.10291774356134631,-0.06758859275577506,"NA","NA","NA"
Total,132.19222727272728,111.60611540665452,-35.605529728909396,11.296935454545455,11.04671382270284,-0.25022163184261537,30.218002991482,19.19128821105276,-11.026714780429238,0.11045973558327273,0.078316710130465,-0.03214302545280773,0,-0.7048965481800734,-0.5513357390214619,-1.78597387267053e-05,0,1.01767559524269
