Time,Xinitial,Xfinal,Xchange,CustCostInitial,CustCostFinal,CustCostChange,CO2Initial,CO2Final,CO2Change,NOXInitial,NOXFinal,NOXChange,NOXChangeDAC,NOXChangeCost,CO2ChangeCost,RedCurtProp,SolarNonCurt,ChangeCurtCost
intervention hours,6972.195758441559,5359.74113257858,-1612.4546258629787,595.8326528311688,574.359581946353,-21.473070884815797,1086.2770355018508,778.2542802594429,-308.02275524240804,4.820825731740909,3.489058414558091,-1.331767317182818,0,-29.205657265819198,-15.401137762120403,"NA","NA","NA"
peak period,2099.551696103896,3.6504630308170727,-2095.901233073079,200.26215924675324,1.4236805820186587,-198.8384786647346,318.52605761951475,0,-318.52605761951475,1.3815880667636442,0,-1.3815880667636442,-0.24177791168363771,-30.298226304126718,-15.926302880975738,"NA","NA","NA"
other,0,0,0,0,0,0,0,0,0,0,0,0,0,0,0,"NA","NA","NA"
Total,6972.195758441559,5359.74113257858,-1612.4546258629787,595.8326528311688,574.359581946353,-21.473070884815797,1086.2770355018508,778.2542802594429,-308.02275524240804,4.820825731740909,3.489058414558091,-1.331767317182818,0,-29.205657265819198,-15.401137762120403,-6.491950034646e-05,0,13.3540846034166
