Time,Xinitial,Xfinal,Xchange,CustCostInitial,CustCostFinal,CustCostChange,CO2Initial,CO2Final,CO2Change,NOXInitial,NOXFinal,NOXChange,NOXChangeDAC,NOXChangeCost,CO2ChangeCost,RedCurtProp,SolarNonCurt,ChangeCurtCost
intervention hours,0,0,0,0,0,0,0,0,0,0,0,0,0,0,0,"NA","NA","NA"
peak period,39.80731818181818,19.90365909090909,-19.90365909090909,3.7969531818181816,1.8984765909090908,-1.8984765909090908,9.413955642162637,2.4577576797023184,-6.956197962460318,0.03399752429481818,0.013817522801090908,-0.020180001493727274,-0.0035315002614022726,-0.44254743275743913,-0.34780989812301594,"NA","NA","NA"
other,92.38490909090909,92.38490909090909,0,7.499982272727273,7.499982272727273,0,20.80404734931936,20.80404734931936,0,0.07646221128845454,0.07646221128845454,0,0,0,0,"NA","NA","NA"
Total,132.19222727272728,112.28856818181818,-19.90365909090909,11.296935454545455,9.398458863636364,-1.898476590909091,30.218002991482,23.26180502902168,-6.956197962460318,0.11045973558327273,0.09027973408954545,-0.020180001493727274,0,-0.44254743275743913,-0.34780989812301594,-5.14227648732844e-06,0,0.29301488477653
