Time,Xinitial,Xfinal,Xchange,CustCostInitial,CustCostFinal,CustCostChange,CO2Initial,CO2Final,CO2Change,NOXInitial,NOXFinal,NOXChange,NOXChangeDAC,NOXChangeCost,CO2ChangeCost,RedCurtProp,SolarNonCurt,ChangeCurtCost
intervention hours,132.1922273,100.4041331,-31.7880942,11.29693545,10.90976988,-0.387165578,30.21800299,23.35710011,-6.860902885,0.110459736,0.079104531,-0.031355204,0,-0.687619627,-0.343045144,NA,NA,NA
peak period,39.80731818,0.498332225,-39.30898596,3.796953182,0.194349568,-3.602603614,9.413955642,1.752049387,-7.661906255,0.033997524,0,-0.033997524,-0.005949567,-0.745565708,-0.383095313,NA,NA,NA
other,0,0,0,0,0,0,0,0,0,0,0,0,0,0,0,NA,NA,NA
Total,132.1922273,100.4041331,-31.7880942,11.29693545,10.90976988,-0.387165578,30.21800299,23.35710011,-6.860902885,0.110459736,0.079104531,-0.031355204,0,-0.687619627,-0.343045144,6.03E-06,0,-0.343697419
,,,,,,,,,,,,,,,,,,
,92.38490909,99.90580084,7.520891754,7.499982273,10.71542031,3.215438036,20.80404735,21.60505072,0.801003371,0.076462211,0.079104531,0.00264232,0.005949567,0.057946081,0.040050169,#VALUE!,#VALUE!,#VALUE!