Time,Xinitial,Xfinal,Xchange,CustCostInitial,CustCostFinal,CustCostChange,CO2Initial,CO2Final,CO2Change,NOXInitial,NOXFinal,NOXChange,NOXChangeDAC,NOXChangeCost,CO2ChangeCost,RedCurtProp,SolarNonCurt,ChangeCurtCost
intervention hours,2099.551696103896,542.7768317603328,-2216.749194150814,200.26215924675324,211.68296438652982,11.420805139776576,318.52605761951475,-99.46958574730127,-417.995643366816,1.3815880667636442,-0.3976122185815417,-1.7792002853451858,0,-39.017862257619925,-20.899782168340803,"NA","NA","NA"
peak period,2099.551696103896,542.7768317603328,-2216.749194150814,200.26215924675324,211.68296438652982,11.420805139776576,318.52605761951475,-99.46958574730127,-417.995643366816,1.3815880667636442,-0.3976122185815417,-1.7792002853451858,-0.3113600499354075,-39.017862257619925,-20.899782168340803,"NA","NA","NA"
other,4872.644062337662,5736.218985166224,809.8588016950818,395.57049358441554,633.8313477140053,238.2608541295898,767.7509778823362,857.8063075134013,90.0553296310651,3.4392376649772647,3.8907350162102503,0.45149735123298573,0,9.901336912539376,4.502766481553255,"NA","NA","NA"
Total,6972.195758441559,6278.995816926557,-1406.8903924557324,595.8326528311688,845.5143121005351,249.68165926936626,1086.2770355018508,758.3367217661,-327.9403137357509,4.820825731740909,3.4931227976287085,-1.3277029341122002,0,-29.11652534508055,-16.397015686787547,-0.000144905383806955,0,29.8073574892224
