Time,Xinitial,Xfinal,Xchange,CustCostInitial,CustCostFinal,CustCostChange,CO2Initial,CO2Final,CO2Change,NOXInitial,NOXFinal,NOXChange,NOXChangeDAC,NOXChangeCost,CO2ChangeCost,RedCurtProp,SolarNonCurt,ChangeCurtCost
intervention hours,1222.3136727272727,1333.376773828848,111.06310110157526,307.4133670909091,264.6881409968485,-42.72522609406059,212.91189132454693,224.88750310014728,11.97561177560036,0.7610074819829454,0.8012036616598298,0.04019617967688432,0,0.8815022203140731,0.598780588780018,"NA","NA","NA"
peak period,364.34880909090913,362.52380273858427,-1.825006352324875,81.19360404545455,80.78690903382318,-0.40669501163137056,79.09036077461762,78.33931136040145,-0.751049414216165,0.2839792141467864,0.28212886940626586,-0.0018503447405205536,-3.238103295910969e-4,-0.040578060159615736,-0.03755247071080825,"NA","NA","NA"
other,3386.296159090909,3369.3343580722258,-16.961801018683285,350.90674645454544,349.1490707729614,-1.7576756815840326,683.4101153852121,679.9869456898505,-3.4231696953615907,2.508705090898555,2.496139102996952,-0.012565987901602403,0,-0.2755721146821407,-0.17115848476807954,"NA","NA","NA"
Total,4972.958640909091,5065.234934639658,92.27629373056709,739.5137175909091,694.6241208036331,-44.88959678727599,975.4123674843767,983.2137601503993,7.801392666022605,3.5536917870282867,3.579471634063048,0.025779847034761362,0,0.5653520454723167,0.39006963330113026,0.00031974243704444,0,-11.6188806129301
