Time,Xinitial,Xfinal,Xchange,CustCostInitial,CustCostFinal,CustCostChange,CO2Initial,CO2Final,CO2Change,NOXInitial,NOXFinal,NOXChange,NOXChangeDAC,NOXChangeCost,CO2ChangeCost,RedCurtProp,SolarNonCurt,ChangeCurtCost
intervention hours,1222.3136727272727,1430.4556742272923,208.14200150001955,307.4133670909091,286.0983642633608,-21.315002827548312,212.91189132454693,235.35523911006368,22.443347785516753,0.7610074819829454,0.8363386514498355,0.07533116946689007,0,1.6520125464088993,1.1221673892758377,"NA","NA","NA"
peak period,364.34880909090913,395.4337495792194,31.08494048831026,81.19360404545455,90.0107956990927,8.817191653638147,79.09036077461762,92.57076368853573,13.480402913918107,0.2839792141467864,0.31549573794883634,0.03151652380204996,0.005515391665358743,0.6911573669789556,0.6740201456959054,"NA","NA","NA"
other,3386.296159090909,3463.625864851333,77.32970576042392,350.90674645454544,367.8723283091559,16.965581854610434,683.4101153852121,694.5235566359286,11.113441250716512,2.508705090898555,2.547668004486307,0.0389629135877524,0,0.85445669497941,0.5556720625358257,"NA","NA","NA"
Total,4972.958640909091,5289.515288657844,316.55664774875373,739.5137175909091,743.9814882716094,4.467770680700255,975.4123674843767,1022.4495594345279,47.037191950151374,3.5536917870282867,3.699502393884979,0.14581060685669242,0,3.1976266083672646,2.351859597507569,0.000876825259859525,0,-31.8622954990904
