Time,Xinitial,Xfinal,Xchange,CustCostInitial,CustCostFinal,CustCostChange,CO2Initial,CO2Final,CO2Change,NOXInitial,NOXFinal,NOXChange,NOXChangeDAC,NOXChangeCost,CO2ChangeCost,RedCurtProp,SolarNonCurt,ChangeCurtCost
intervention hours,262290.1927466062,187028.28759516135,-75754.80697751167,39004.38542360776,23343.316626400643,-15661.068797207117,51446.455993072785,32735.212221660186,-18711.2437714126,187.43339148529225,121.16501806154992,-66.26837342374235,0,-1453.2654291826695,-935.56218857063,"NA","NA","NA"
peak period,19216.954385524714,10728.041614761383,-8981.81459683017,4282.417689880644,4505.777478199781,223.3597883191378,4171.485723070646,807.5492997136247,-3363.9364233570213,14.977997645476897,5.871479534784335,-9.10651811069256,-1.593640669371198,-199.70594216748785,-168.19682116785108,"NA","NA","NA"
other,0,0,0,0,0,0,0,0,0,0,0,0,0,0,0,"NA","NA","NA"
Total,262290.1927466062,187028.28759516135,-75754.80697751167,39004.38542360776,23343.316626400643,-15661.068797207117,51446.455993072785,32735.212221660186,-18711.2437714126,187.43339148529225,121.16501806154992,-66.26837342374235,0,-1453.2654291826695,-935.56218857063,-0.00759418536004352,0,2173.33081531
