Time,Xinitial,Xfinal,Xchange,CustCostInitial,CustCostFinal,CustCostChange,CO2Initial,CO2Final,CO2Change,NOXInitial,NOXFinal,NOXChange,NOXChangeDAC,NOXChangeCost,CO2ChangeCost,RedCurtProp,SolarNonCurt,ChangeCurtCost
intervention hours,1222.3136727272727,1333.5580590678292,111.24438634055645,307.4133670909091,264.721061494654,-42.692305596255096,212.91189132454693,224.90705056119558,11.995159236648655,0.7610074819829454,0.8012692727760924,0.04026179079314687,0,0.8829410720937109,0.5997579618324328,"NA","NA","NA"
peak period,364.34880909090913,363.3565733592759,-0.9922357316332159,81.19360404545455,80.9724884740465,-0.22111557140804905,79.09036077461762,78.68202353017014,-0.4083372444474737,0.2839792141467864,0.2829732022142552,-0.0010060119325312116,-1.7605208819296202e-4,-0.02206184168040947,-0.020416862222373686,"NA","NA","NA"
other,3386.296159090909,1938.2208183691657,-1448.0753407217435,350.90674645454544,210.8923688886781,-140.01437756586733,683.4101153852121,397.1026140902644,-286.30750129494766,2.508705090898555,1.4579534805018646,-1.05075161039669,0,-23.042982815999412,-14.315375064747384,"NA","NA","NA"
Total,4972.958640909091,3635.135450796271,-1337.8231901128204,739.5137175909091,556.5859188573786,-182.9277987335305,975.4123674843767,700.6916881816301,-274.7206793027465,3.5536917870282867,2.542195955492212,-1.0114958315360745,0,-22.182103585586113,-13.736033965137324,-0.00169033115941515,0,61.4236762536175
