Time,Xinitial,Xfinal,Xchange,CustCostInitial,CustCostFinal,CustCostChange,CO2Initial,CO2Final,CO2Change,NOXInitial,NOXFinal,NOXChange,NOXChangeDAC,NOXChangeCost,CO2ChangeCost,RedCurtProp,SolarNonCurt,ChangeCurtCost
intervention hours,1222.3136727272727,1329.5794696895373,107.26579696226459,307.4133670909091,264.06226782351405,-43.35109926739506,212.91189132454693,224.47805081837933,11.566159493832409,0.7610074819829454,0.7998293337511222,0.03882185176817672,0,0.8513632092761155,0.5783079746916204,"NA","NA","NA"
peak period,364.34880909090913,363.1354137808481,-1.213395310060987,81.19360404545455,80.92320398952594,-0.2704000559286044,79.09036077461762,78.59100917747222,-0.49935159714541055,0.2839792141467864,0.28274897205624056,-0.001230242090545874,-2.1529236584552796e-4,-0.02697920904567102,-0.02496757985727053,"NA","NA","NA"
other,3386.296159090909,1937.0411063988345,-1449.2550526920747,350.90674645454544,210.76400773928194,-140.1427387152635,683.4101153852121,396.86091474267084,-286.5492006425412,2.508705090898555,1.4570660866833514,-1.0516390042152033,0,-23.062443362439407,-14.327460032127062,"NA","NA","NA"
Total,4972.958640909091,3629.75598986922,-1343.2026510398712,739.5137175909091,555.749479552322,-183.7642380385871,975.4123674843767,699.9299747385223,-275.4823927458542,3.5536917870282867,2.539644392490714,-1.0140473945375723,0,-22.23805936220896,-13.774119637292712,-0.0017043384350453,0,61.9326761372849
