Time,Xinitial,Xfinal,Xchange,CustCostInitial,CustCostFinal,CustCostChange,CO2Initial,CO2Final,CO2Change,NOXInitial,NOXFinal,NOXChange,NOXChangeDAC,NOXChangeCost,CO2ChangeCost,RedCurtProp,SolarNonCurt,ChangeCurtCost
intervention hours,1718.3247454545453,2030.665919653718,312.3411741991727,180.88288672727273,111.86898753428653,-69.0138991929862,299.80233334086955,333.4811754283377,33.67884208746809,1.0716178481336862,1.1846609905821994,0.11304314244851298,0,2.4790361138958894,1.6839421043734046,"NA","NA","NA"
peak period,628.6043727272727,616.6780805557057,-11.926292171566985,64.13352136363636,62.91673836472775,-1.216782998908613,136.37134262858316,131.41894838770995,-4.952394240873213,0.48961884192479094,0.4775269651127139,-0.012091876812077022,-0.0021160784421134786,-0.2651748584888491,-0.24761971204366065,"NA","NA","NA"
other,3482.846027272727,1978.5775549449718,-1504.2684723277553,295.896885,169.88547724852978,-126.01140775147022,675.786431037083,389.520322786013,-286.2661082510701,2.4681313739097046,1.421978333157059,-1.0461530407526454,0,-22.94213618370551,-14.313305412553504,"NA","NA","NA"
Total,5829.775145454545,4625.921555154396,-1203.8535903001496,540.9132930909091,344.6712031475441,-196.242089943365,1111.9601070065357,854.4204466020606,-257.53966040447517,4.029368063968182,3.0841662888519723,-0.9452017751162094,0,-20.72827492829847,-12.87698302022376,-0.000854107001772712,0,48.6683408268619
