Time,Xinitial,Xfinal,Xchange,CustCostInitial,CustCostFinal,CustCostChange,CO2Initial,CO2Final,CO2Change,NOXInitial,NOXFinal,NOXChange,NOXChangeDAC,NOXChangeCost,CO2ChangeCost,RedCurtProp,SolarNonCurt,ChangeCurtCost
intervention hours,1222.3136727272727,1333.8412144849608,111.5275417576881,307.4133670909091,264.7760779553156,-42.637289135593505,212.91189132454693,224.9375823878247,12.025691063277785,0.7610074819829454,0.8013717529509715,0.04036427096802599,0,0.88518846232881,0.6012845531638893,"NA","NA","NA"
peak period,364.34880909090913,362.7718540095496,-1.5769550813595605,81.19360404545455,80.84218621924333,-0.3514178262112182,79.09036077461762,78.44139251837483,-0.6489682562427976,0.2839792141467864,0.28238036462107724,-0.0015988495257091568,-2.7979866699910243e-4,-0.03506277009880181,-0.032448412812139886,"NA","NA","NA"
other,3386.296159090909,3371.639772678145,-14.656386412764048,350.90674645454544,349.387970591697,-1.518775862848429,683.4101153852121,680.4522161764888,-2.9578992087231764,2.508705090898555,2.4978470473369576,-0.010858043561596963,0,-0.2381168953058214,-0.14789496043615882,"NA","NA","NA"
Total,4972.958640909091,5068.252841172655,95.29420026356449,739.5137175909091,695.00623476625594,-44.50748282465315,975.4123674843767,983.8311910826884,8.41882359831181,3.5536917870282867,3.581599164909006,0.027907377880719873,0,0.6120087969241867,0.42094117991559055,0.000324455803154132,0,-11.7901560889656
