Time,Xinitial,Xfinal,Xchange,CustCostInitial,CustCostFinal,CustCostChange,CO2Initial,CO2Final,CO2Change,NOXInitial,NOXFinal,NOXChange,NOXChangeDAC,NOXChangeCost,CO2ChangeCost,RedCurtProp,SolarNonCurt,ChangeCurtCost
intervention hours,307481.51291503967,233725.26079545091,-74134.02458147514,28529.545919987795,12937.04188490526,-15592.504035082535,58648.43282508465,35603.78962156379,-23044.643203520864,212.52212263563723,140.04147338513272,-72.48064925050453,0,-1589.5006380635643,-1152.2321601760432,"NA","NA","NA"
peak period,33154.66184007016,6572.285465745629,-26960.14883621096,3382.6128256139414,1905.9627850662323,-1476.650040547709,7192.673079747503,-3826.7296999874966,-11019.402779734999,25.824107879036582,-1.5103556636163304,-27.334463542652912,-4.783531119964259,-599.4447854903783,-550.9701389867499,"NA","NA","NA"
other,0,0,0,0,0,0,0,0,0,0,0,0,0,0,0,"NA","NA","NA"
Total,307481.51291503967,233725.26079545091,-74134.02458147514,28529.545919987795,12937.04188490526,-15592.504035082535,58648.43282508465,35603.78962156379,-23044.643203520864,212.52212263563723,140.04147338513272,-72.48064925050453,0,-1589.5006380635643,-1152.2321601760432,-0.00797327878084716,0,1640.12105511939
