Time,Xinitial,Xfinal,Xchange,CustCostInitial,CustCostFinal,CustCostChange,CO2Initial,CO2Final,CO2Change,NOXInitial,NOXFinal,NOXChange,NOXChangeDAC,NOXChangeCost,CO2ChangeCost,RedCurtProp,SolarNonCurt,ChangeCurtCost
intervention hours,1222.3136727272727,1438.9104309446682,216.59675821739543,307.4133670909091,287.472944814296,-19.940422276613106,212.91189132454693,236.26689098273954,23.354999658192643,0.7610074819829454,0.8393986139105016,0.07839113192755619,0,1.7191175231713072,1.1677499829096323,"NA","NA","NA"
peak period,364.34880909090913,395.21852176310455,30.86971267219542,81.19360404545455,89.95887983789049,8.765275792435943,79.09036077461762,92.48294178834094,13.392581013723316,0.2839792141467864,0.3152775219097226,0.031298307762936184,0.005477203858513832,0.6863718892411905,0.6696290506861658,"NA","NA","NA"
other,3386.296159090909,1987.5541149958221,-1398.742044095087,350.90674645454544,222.7286274427632,-128.17811901178223,683.4101153852121,404.5019098087279,-278.9082055764842,2.508705090898555,1.4839158837062516,-1.024789207192303,0,-22.473627313727206,-13.94541027882421,"NA","NA","NA"
Total,4972.958640909091,3821.6830677035946,-1151.2755732054961,739.5137175909091,600.1604520949497,-139.35326549595936,975.4123674843767,733.2517425798084,-242.1606249045682,3.5536917870282867,2.638592019526476,-0.9150997675018107,0,-20.068137901314707,-12.10803124522841,-0.0012011440288455,0,43.6474720061952
