Time,Xinitial,Xfinal,Xchange,CustCostInitial,CustCostFinal,CustCostChange,CO2Initial,CO2Final,CO2Change,NOXInitial,NOXFinal,NOXChange,NOXChangeDAC,NOXChangeCost,CO2ChangeCost,RedCurtProp,SolarNonCurt,ChangeCurtCost
intervention hours,262290.1927466062,379635.4942186619,116969.82859254302,39004.38542360776,52687.56488346795,13683.179459860192,51446.455993072785,68688.12704038621,17241.671047313434,187.43339148529225,235.45403484575,48.02064336045773,0,1053.092708894838,862.0835523656717,"NA","NA","NA"
peak period,19216.954385524714,39943.042963407075,20350.615698369627,4282.417689880644,16776.078044630973,12493.66035475033,4171.485723070646,12796.15184616817,8624.666123097524,14.977997645476897,35.61116129220269,20.633163646725794,3.6108036381770137,452.4852787726967,431.23330615487623,"NA","NA","NA"
other,0,0,0,0,0,0,0,0,0,0,0,0,0,0,0,"NA","NA","NA"
Total,262290.1927466062,379635.4942186619,116969.82859254302,39004.38542360776,52687.56488346795,13683.179459860192,51446.455993072785,68688.12704038621,17241.671047313434,187.43339148529225,235.45403484575,48.02064336045773,0,1053.092708894838,862.0835523656717,0.0457534372160521,0,-13093.8804221428
