Time,Xinitial,Xfinal,Xchange,CustCostInitial,CustCostFinal,CustCostChange,CO2Initial,CO2Final,CO2Change,NOXInitial,NOXFinal,NOXChange,NOXChangeDAC,NOXChangeCost,CO2ChangeCost,RedCurtProp,SolarNonCurt,ChangeCurtCost
intervention hours,1718.3247454545453,2041.3154338228924,322.99068836834715,180.88288672727273,112.44413686328264,-68.4387498639901,299.80233334086955,334.6294816256601,34.82714828479054,1.0716178481336862,1.1885152840493354,0.11689743591564894,0,2.563560769630181,1.741357414239527,"NA","NA","NA"
peak period,628.6043727272727,614.5216801312356,-14.082692596037052,64.13352136363636,62.69673106173797,-1.436790301898391,136.37134262858316,130.523502855307,-5.847839773276179,0.48961884192479094,0.47534062522475046,-0.014278216700040433,-0.002498687922507076,-0.3131212922318867,-0.29239198866380894,"NA","NA","NA"
other,3482.846027272727,1971.6588633068882,-1511.187163965839,295.896885,169.29142157053337,-126.60546342946662,675.786431037083,388.1582477976519,-287.6281832394312,2.4681313739097046,1.4170059581401881,-1.0511254157695162,0,-23.05118036782549,-14.381409161971561,"NA","NA","NA"
Total,5829.775145454545,4627.495977261016,-1202.279168193529,540.9132930909091,344.43228949555396,-196.4810035953551,1111.9601070065357,853.311232278619,-258.64887472791685,4.029368063968182,3.080861867414274,-0.9485061965539077,0,-20.800740890427196,-12.932443736395843,-0.000840334645537238,0,47.8835706214124
