Time,Xinitial,Xfinal,Xchange,CustCostInitial,CustCostFinal,CustCostChange,CO2Initial,CO2Final,CO2Change,NOXInitial,NOXFinal,NOXChange,NOXChangeDAC,NOXChangeCost,CO2ChangeCost,RedCurtProp,SolarNonCurt,ChangeCurtCost
intervention hours,1222.3136727272727,1416.092405246921,193.77873251964823,307.4133670909091,283.15334170042235,-24.26002539048676,212.91189132454693,233.80648951248008,20.894598187933163,0.7610074819829454,0.8311402684139216,0.07013278643097613,0,1.5380120064313065,1.0447299093966582,"NA","NA","NA"
peak period,364.34880909090913,392.70950614322305,28.36069705231392,81.19360404545455,89.20849192090277,8.014887875448224,79.09036077461762,91.38074291624302,12.290382141625399,0.2839792141467864,0.31273367111697464,0.02875445697018825,0.0050320299697829435,0.6305852413562283,0.61451910708127,"NA","NA","NA"
other,3386.296159090909,1986.6349933615165,-1399.6611657293927,350.90674645454544,221.9674544220444,-128.93929203250104,683.4101153852121,404.5903054934424,-278.8198098917697,2.508705090898555,1.4843633933584084,-1.0243416975401463,0,-22.463813427055406,-13.940990494588485,"NA","NA","NA"
Total,4972.958640909091,3795.4369047516607,-1177.5217361574305,739.5137175909091,594.3292880433695,-145.1844295475396,975.4123674843767,729.7775379221655,-245.63482956221114,3.5536917870282867,2.6282373328893045,-0.9254544541389819,0,-20.29521617926787,-12.281741478110558,-0.00128256839139743,0,46.6062908486975
