Time,Xinitial,Xfinal,Xchange,CustCostInitial,CustCostFinal,CustCostChange,CO2Initial,CO2Final,CO2Change,NOXInitial,NOXFinal,NOXChange,NOXChangeDAC,NOXChangeCost,CO2ChangeCost,RedCurtProp,SolarNonCurt,ChangeCurtCost
intervention hours,1222.3136727272727,1342.1650944673909,119.85142174011801,307.4133670909091,266.13575714055,-41.27760995035908,212.91189132454693,225.83512220210653,12.923230877559613,0.7610074819829454,0.8043843482419725,0.04337686625902699,0,0.9512546770604619,0.6461615438779806,"NA","NA","NA"
peak period,364.34880909090913,362.6122923539102,-1.73651673699895,81.19360404545455,80.8066285734776,-0.38697547197695314,79.09036077461762,78.37572771241584,-0.714633062201781,0.2839792141467864,0.28221858761141094,-0.0017606265353754436,-3.081096436907026e-4,-0.038610539920783477,-0.03573165311008905,"NA","NA","NA"
other,3386.296159090909,1934.2506660585036,-1452.0454930324056,350.90674645454544,210.46038775540924,-140.4463586991362,683.4101153852121,396.2892094224583,-287.12090596275374,2.508705090898555,1.4549670832221557,-1.053738007676399,0,-23.108474508343427,-14.356045298137687,"NA","NA","NA"
Total,4972.958640909091,3639.0280528798044,-1333.9305880292866,739.5137175909091,557.4027734694369,-182.11094412147224,975.4123674843767,700.5000593369807,-274.91230814739595,3.5536917870282867,2.541570019075539,-1.0121217679527472,0,-22.195830371203748,-13.745615407369797,-0.0016693717110891,0,60.6620465804836
