Time,Xinitial,Xfinal,Xchange,CustCostInitial,CustCostFinal,CustCostChange,CO2Initial,CO2Final,CO2Change,NOXInitial,NOXFinal,NOXChange,NOXChangeDAC,NOXChangeCost,CO2ChangeCost,RedCurtProp,SolarNonCurt,ChangeCurtCost
intervention hours,1222.3136727272727,1437.345215821417,215.03154309414424,307.4133670909091,287.3543927639657,-20.058974326943428,212.91189132454693,236.0981183798189,23.18622705527197,0.7610074819829454,0.8388321281226643,0.07782464613971886,0,1.7066944898440346,1.1593113527635985,"NA","NA","NA"
peak period,364.34880909090913,395.2662582029723,30.917449112063178,81.19360404545455,90.0260151283831,8.832411082928544,79.09036077461762,92.52677599906303,13.436415224445405,0.2839792141467864,0.3153259211223215,0.031346706975535064,0.005485673720718636,0.6874332839734839,0.6718207612222703,"NA","NA","NA"
other,3386.296159090909,1986.4110045957734,-1399.8851544951358,350.90674645454544,222.7019567364826,-128.20478971806284,683.4101153852121,404.2390896562699,-279.17102572894214,2.508705090898555,1.48293493393807,-1.0257701569604847,0,-22.495139542143427,-13.958551286447108,"NA","NA","NA"
Total,4972.958640909091,3819.0224786201625,-1153.9361622889285,739.5137175909091,600.0823646288313,-139.43135296207777,975.4123674843767,732.8639840351518,-242.54838344922476,3.5536917870282867,2.637092983183056,-0.9165988038452307,0,-20.10101176832591,-12.127419172461238,-0.00120648195364024,0,43.8414428518675
