Time,Xinitial,Xfinal,Xchange,CustCostInitial,CustCostFinal,CustCostChange,CO2Initial,CO2Final,CO2Change,NOXInitial,NOXFinal,NOXChange,NOXChangeDAC,NOXChangeCost,CO2ChangeCost,RedCurtProp,SolarNonCurt,ChangeCurtCost
intervention hours,5829.775145454545,4419.182772973436,-1411.4706566373738,540.9132930909091,253.82869548414536,-287.08459760676374,1111.9601070065357,685.9145595233155,-426.0455474832204,4.029368063968182,2.6794426607352566,-1.349925403232925,0,-29.603864092898046,-21.302277374161022,"NA","NA","NA"
peak period,628.6043727272727,154.15217118273665,-475.3304857008004,64.13352136363636,44.70412964299363,-19.429391720642734,136.37134262858316,-57.93417429201476,-194.30551692059794,0.48961884192479094,0.007688867760520607,-0.4819299741642703,-0.0843377454787473,-10.568724333422448,-9.715275846029897,"NA","NA","NA"
other,0,0,0,0,0,0,0,0,0,0,0,0,0,0,0,"NA","NA","NA"
Total,5829.775145454545,4419.182772973436,-1411.4706566373738,540.9132930909091,253.82869548414536,-287.08459760676374,1111.9601070065357,685.9145595233155,-426.0455474832204,4.029368063968182,2.6794426607352566,-1.349925403232925,0,-29.603864092898046,-21.302277374161022,-0.000479966383559825,0,27.3492284831333
