Time,Xinitial,Xfinal,Xchange,CustCostInitial,CustCostFinal,CustCostChange,CO2Initial,CO2Final,CO2Change,NOXInitial,NOXFinal,NOXChange,NOXChangeDAC,NOXChangeCost,CO2ChangeCost,RedCurtProp,SolarNonCurt,ChangeCurtCost
intervention hours,1718.3247454545453,2041.0667215947105,322.7419761401653,180.88288672727273,112.4302533252099,-68.45263340206283,299.80233334086955,334.60266370810683,34.800330367237294,1.0716178481336862,1.1884252696222872,0.1168074214886009,0,2.5615867532450176,1.7400165183618648,"NA","NA","NA"
peak period,628.6043727272727,615.2569435402261,-13.347429187046727,64.13352136363636,62.771746498464566,-1.361774865171796,136.37134262858316,130.82882107322635,-5.542521555356815,0.48961884192479094,0.47608609703091126,-0.013532744893879685,-0.0023682303564289448,-0.29677309552278147,-0.27712607776784076,"NA","NA","NA"
other,3482.846027272727,1974.0179153372274,-1508.8281119355,295.896885,169.49397551087634,-126.40290948912366,675.786431037083,388.62267169957585,-287.16375933750726,2.4681313739097046,1.4187013786030094,-1.049429995306695,0,-23.013999797075822,-14.358187966875363,"NA","NA","NA"
Total,5829.775145454545,4630.3415804721635,-1199.4335649823813,540.9132930909091,344.69597533455084,-196.21731775635823,1111.9601070065357,854.054156480909,-257.90595052562674,4.029368063968182,3.083212745256208,-0.9461553187119738,0,-20.749186139353586,-12.895297526281338,-0.00083835256588364,0,47.7706286505269
