Time,Xinitial,Xfinal,Xchange,CustCostInitial,CustCostFinal,CustCostChange,CO2Initial,CO2Final,CO2Change,NOXInitial,NOXFinal,NOXChange,NOXChangeDAC,NOXChangeCost,CO2ChangeCost,RedCurtProp,SolarNonCurt,ChangeCurtCost
intervention hours,1222.3136727272727,1342.2644351056265,119.95076237835369,307.4133670909091,266.1562044723242,-41.257162618584914,212.91189132454693,225.8458338147416,12.933942490194694,0.7610074819829454,0.804420301804444,0.04341281982149852,0,0.9520431386854625,0.6466971245097347,"NA","NA","NA"
peak period,364.34880909090913,361.94813112665764,-2.400677964251498,81.19360404545455,80.65862302944292,-0.5349810160116277,79.09036077461762,78.10240378670036,-0.9879569879172567,0.2839792141467864,0.28154520516967924,-0.002434008977107166,-4.2595157099375406e-4,-0.05337781686796015,-0.049397849395862836,"NA","NA","NA"
other,3386.296159090909,1930.7078895909876,-1455.5882694999216,350.90674645454544,210.07490818848038,-140.83183826606506,683.4101153852121,395.5633655025835,-287.84674988262856,2.508705090898555,1.452302163295333,-1.0564029276032216,0,-23.16691620233865,-14.392337494131429,"NA","NA","NA"
Total,4972.958640909091,3634.920455823272,-1338.0381850858194,739.5137175909091,556.8897356902474,-182.62398190066165,975.4123674843767,699.5116031040254,-275.9007643803511,3.5536917870282867,2.538267670269456,-1.0154241167588305,0,-22.26825088052115,-13.795038219017556,-0.00167413912336402,0,60.8352859995824
