Time,Xinitial,Xfinal,Xchange,CustCostInitial,CustCostFinal,CustCostChange,CO2Initial,CO2Final,CO2Change,NOXInitial,NOXFinal,NOXChange,NOXChangeDAC,NOXChangeCost,CO2ChangeCost,RedCurtProp,SolarNonCurt,ChangeCurtCost
intervention hours,4972.958640909091,7050.664527758533,2075.4617505883025,739.5137175909091,980.2716200440632,240.7579024531541,975.4123674843767,1280.4162672253726,305.0038997409961,3.5536917870282867,4.3984584642268425,0.8447666771985559,0,18.52573323096433,15.250194987049804,"NA","NA","NA"
peak period,364.34880909090913,739.1152631531817,372.52231780113283,81.19360404545455,310.4284105243363,229.23480647888175,79.09036077461762,236.08455936557783,156.9941985909602,0.2839792141467864,0.6616736318082702,0.37769441766148376,0.06609652309075965,8.282838579316339,7.84970992954801,"NA","NA","NA"
other,0,0,0,0,0,0,0,0,0,0,0,0,0,0,0,"NA","NA","NA"
Total,4972.958640909091,7050.664527758533,2075.4617505883025,739.5137175909091,980.2716200440632,240.7579024531541,975.4123674843767,1280.4162672253726,305.0038997409961,3.5536917870282867,4.3984584642268425,0.8447666771985559,0,18.52573323096433,15.250194987049804,0.00643262801222825,0,-233.750444865353
