Time,Xinitial,Xfinal,Xchange,CustCostInitial,CustCostFinal,CustCostChange,CO2Initial,CO2Final,CO2Change,NOXInitial,NOXFinal,NOXChange,NOXChangeDAC,NOXChangeCost,CO2ChangeCost,RedCurtProp,SolarNonCurt,ChangeCurtCost,PropDemandChange,PropCO2Change,PropNOXChange,PropCustCostChange
intervention hours,307481.51291503967,208452.06752097755,-186283.21587153777,28529.545919987795,10748.228365640523,-17781.31755434727,58648.43282508465,23712.604758623846,-34935.82806646081,212.52212263563723,83.29763531026556,-129.22448732537168,0,-2833.893007045401,-1746.7914033230406,"NA","NA","NA",-0.605835499199621,-0.5956822097984232,-0.6080519323012935,-0.6232597463771649
peak period,33154.66184007016,6128.302792571889,-39499.865143898554,3382.6128256139414,1777.2078098458476,-1605.4050157680938,7192.673079747503,406.67958312747896,-6785.9934966200235,25.824107879036582,0.10839124567481662,-25.715716633361765,-4.500250410838309,-563.9456657696235,-339.2996748310012,"NA","NA","NA",-1.191381933992754,-0.943459187061821,-0.9958027109326473,-0.4746050164569793
other,0,0,0,0,0,0,0,0,0,0,0,0,0,0,0,"NA","NA","NA",NaN,NaN,NaN,NaN
Total,307481.51291503967,208452.06752097755,-186283.21587153777,28529.545919987795,10748.228365640523,-17781.31755434727,58648.43282508465,23712.604758623846,-34935.82806646081,212.52212263563723,83.29763531026556,-129.22448732537168,0,-2833.893007045401,-1746.7914033230406,-0.0402185081087749,0,8273.03594515517,-0.605835499199621,-0.5956822097984232,-0.6080519323012935,-0.6232597463771649
