Time,Xinitial,Xfinal,Xchange,CustCostInitial,CustCostFinal,CustCostChange,CO2Initial,CO2Final,CO2Change,NOXInitial,NOXFinal,NOXChange,NOXChangeDAC,NOXChangeCost,CO2ChangeCost,RedCurtProp,SolarNonCurt,ChangeCurtCost
intervention hours,1222.3136727272727,1342.3874867757172,120.07381404844436,307.4133670909091,266.1783115763282,-41.23505551458089,212.91189132454693,225.85910211910848,12.947210794561572,0.7610074819829454,0.8044648369109866,0.04345735492804108,0,0.9530197935719408,0.6473605397280786,"NA","NA","NA"
peak period,364.34880909090913,362.5189599087161,-1.8298491821930214,81.19360404545455,80.78582982949764,-0.40777421595690555,79.09036077461762,78.33731837855184,-0.7530423960657825,0.2839792141467864,0.28212395933854784,-0.0018552548082385893,-3.2466959144175313e-4,-0.040685737944672264,-0.03765211980328913,"NA","NA","NA"
other,3386.296159090909,1933.7528110544451,-1452.543348036464,350.90674645454544,210.40621754932442,-140.50052890522102,683.4101153852121,396.1872089064821,-287.22290647873,2.508705090898555,1.4545925905796906,-1.054112500318864,0,-23.116687131992688,-14.361145323936501,"NA","NA","NA"
Total,4972.958640909091,3638.6592577388783,-1334.2993831702126,739.5137175909091,557.3703589551502,-182.1433586357589,975.4123674843767,700.3836294041424,-275.0287380802342,3.5536917870282867,2.541181386829225,-1.0125104001990615,0,-22.204353076365418,-13.75143690401171,-0.00166939637235134,0,60.662942727596
