Time,Xinitial,Xfinal,Xchange,CustCostInitial,CustCostFinal,CustCostChange,CO2Initial,CO2Final,CO2Change,NOXInitial,NOXFinal,NOXChange,NOXChangeDAC,NOXChangeCost,CO2ChangeCost,RedCurtProp,SolarNonCurt,ChangeCurtCost
intervention hours,1222.3136727272727,3082.5743051955315,1860.2606324682586,307.4133670909091,246.6059444156425,-60.807422675266594,212.91189132454693,413.49839498698316,200.58650366243626,0.7610074819829454,1.4342767306071225,0.673269248624177,0,14.764794622328202,10.029325183121813,"NA","NA","NA"
peak period,364.34880909090913,760.7490549558706,394.1805439215302,81.19360404545455,319.5146030814657,238.32099903601113,79.09036077461762,245.3023474015519,166.2119866269343,0.2839792141467864,0.6836325607401231,0.39965334659333673,0.06993933565383392,8.764397890791875,8.310599331346715,"NA","NA","NA"
other,3386.296159090909,3332.036673403585,-54.259485687323966,350.90674645454544,433.1647675424661,82.25802108792067,683.4101153852121,645.4131009057488,-37.99701447946326,2.508705090898555,2.3535702138779686,-0.155134877020586,0,-3.4021078530614512,-1.899850723973163,"NA","NA","NA"
Total,4972.958640909091,7175.360033554987,2200.181690702465,739.5137175909091,999.2853150395742,259.77159744866515,975.4123674843767,1304.2138432942838,328.8014758099073,3.5536917870282867,4.471479505225214,0.9177877181969277,0,20.127084660058625,16.440073790495365,0.00671500729412957,0,-244.011613805904
