Time,Xinitial,Xfinal,Xchange,CustCostInitial,CustCostFinal,CustCostChange,CO2Initial,CO2Final,CO2Change,NOXInitial,NOXFinal,NOXChange,NOXChangeDAC,NOXChangeCost,CO2ChangeCost,RedCurtProp,SolarNonCurt,ChangeCurtCost
intervention hours,1718.3247454545453,2029.5763463570156,311.2516009024702,180.88288672727273,111.80779883570474,-69.07508789156799,299.80233334086955,333.3636899027855,33.56135656191594,1.0716178481336862,1.1842666500355101,0.11264880190182382,0,2.4703882257069965,1.6780678280957972,"NA","NA","NA"
peak period,628.6043727272727,615.9918576113614,-12.61251511591134,64.13352136363636,62.84672629390745,-1.2867950697289103,136.37134262858316,131.13399422855997,-5.237348400023208,0.48961884192479094,0.4768312146490103,-0.012787627275780653,-0.002237834773261614,-0.2804326661578697,-0.2618674200011604,"NA","NA","NA"
other,3482.846027272727,1976.375846536357,-1506.4701807363701,295.896885,169.6964332139278,-126.2004517860722,675.786431037083,389.0868749447288,-286.6995560923543,2.4681313739097046,1.420395993538804,-1.0477353803709006,0,-22.97683689153385,-14.334977804617717,"NA","NA","NA"
Total,5829.775145454545,4621.944050504734,-1207.8310949498111,540.9132930909091,344.35095834354,-196.56233474736905,1111.9601070065357,853.5845590760742,-258.37554793046155,4.029368063968182,3.0814938582233244,-0.9478742057448574,0,-20.786881331984723,-12.918777396523078,-0.000858566338104582,0,48.9224407230231
