Time,Xinitial,Xfinal,Xchange,CustCostInitial,CustCostFinal,CustCostChange,CO2Initial,CO2Final,CO2Change,NOXInitial,NOXFinal,NOXChange,NOXChangeDAC,NOXChangeCost,CO2ChangeCost,RedCurtProp,SolarNonCurt,ChangeCurtCost
intervention hours,262290.1927466062,187177.13200881265,-75113.06073779351,39004.38542360776,23363.31673368955,-15641.068689918211,51446.455993072785,34100.22078358477,-17346.23520948801,187.43339148529225,122.50265885393338,-64.93073263135888,0,-1423.9309666057002,-867.3117604744007,"NA","NA","NA"
peak period,19216.954385524714,10736.269859979786,-8480.684525544928,4282.417689880644,4509.23334119151,226.8156513108661,4171.485723070646,2145.743819613278,-2025.7419034573682,14.977997645476897,7.111367195099856,-7.86663045037704,-1.376660328815982,-172.51520577676848,-101.28709517286842,"NA","NA","NA"
other,0,0,0,0,0,0,0,0,0,0,0,0,0,0,0,"NA","NA","NA"
Total,262290.1927466062,187177.13200881265,-75113.06073779351,39004.38542360776,23363.31673368955,-15641.068689918211,51446.455993072785,34100.22078358477,-17346.23520948801,187.43339148529225,122.50265885393338,-64.93073263135888,0,-1423.9309666057002,-867.3117604744007,-0.00751340316359956,0,2150.21228072908
