Time,Xinitial,Xfinal,Xchange,CustCostInitial,CustCostFinal,CustCostChange,CO2Initial,CO2Final,CO2Change,NOXInitial,NOXFinal,NOXChange,NOXChangeDAC,NOXChangeCost,CO2ChangeCost,RedCurtProp,SolarNonCurt,ChangeCurtCost
intervention hours,1718.3247454545453,2041.7413119347934,323.416566480248,180.88288672727273,112.46761115876032,-68.41527556851241,299.80233334086955,334.6754028261422,34.873069485272644,1.0716178481336862,1.1886694187073505,0.1170515705736643,0,2.5669409426804584,1.7436534742636323,"NA","NA","NA"
peak period,628.6043727272727,615.9810070563669,-12.62336567090577,64.13352136363636,62.84561926326826,-1.2879021003681004,136.37134262858316,131.12948853430967,-5.241854094273497,0.48961884192479094,0.47682021344491027,-0.012798628479880626,-0.0022397599839791096,-0.2806739225637821,-0.26209270471367485,"NA","NA","NA"
other,3482.846027272727,3412.90499458952,-69.94103268320708,295.896885,289.95480959885174,-5.942075401148259,675.786431037083,662.2155753374861,-13.570855699596896,2.4681313739097046,2.418567409342416,-0.04956396456728864,0,-1.08693774296064,-0.6785427849798449,"NA","NA","NA"
Total,5829.775145454545,6070.6273135806805,240.8521681261351,540.9132930909091,465.26804002088033,-75.64525307002873,1111.9601070065357,1128.020466697938,16.06035969140225,4.029368063968182,4.084057041494677,0.054688977526495035,0,1.199329277156036,0.8030179845701126,0.000567339346930145,0,-32.3278753640674
