Time,Xinitial,Xfinal,Xchange,CustCostInitial,CustCostFinal,CustCostChange,CO2Initial,CO2Final,CO2Change,NOXInitial,NOXFinal,NOXChange,NOXChangeDAC,NOXChangeCost,CO2ChangeCost,RedCurtProp,SolarNonCurt,ChangeCurtCost
intervention hours,1718.3247454545453,2057.611853671333,339.2871082167878,180.88288672727273,113.32794153999285,-67.55494518727988,299.80233334086955,336.38667726941065,36.584343928541074,1.0716178481336862,1.1944133169137225,0.12279546878003625,0,2.6929046303461948,1.8292171964270538,"NA","NA","NA"
peak period,628.6043727272727,615.2187834217916,-13.385589305481039,64.13352136363636,62.76785320265399,-1.3656681609823735,136.37134262858316,130.81297507951376,-5.558367549069401,0.48961884192479094,0.47604740709739257,-0.013571434827398338,-0.002375001094794709,-0.29762156576484555,-0.2779183774534701,"NA","NA","NA"
other,3482.846027272727,1973.8954807052712,-1508.9505465674558,295.896885,169.4834629758334,-126.41342202416661,675.786431037083,388.59856813222234,-287.1878629048607,2.4681313739097046,1.4186133864020294,-1.0495179875076752,0,-23.015929466043318,-14.359393145243036,"NA","NA","NA"
Total,5829.775145454545,4646.726117798396,-1183.049027656149,540.9132930909091,345.5792577184802,-195.33403537242884,1111.9601070065357,855.7982204811468,-256.16188652538904,4.029368063968182,3.0890741104131445,-0.9402939535550372,0,-20.620646401461965,-12.808094326269453,-0.000805815481303288,0,45.9166151386574
