Time,Xinitial,Xfinal,Xchange,CustCostInitial,CustCostFinal,CustCostChange,CO2Initial,CO2Final,CO2Change,NOXInitial,NOXFinal,NOXChange,NOXChangeDAC,NOXChangeCost,CO2ChangeCost,RedCurtProp,SolarNonCurt,ChangeCurtCost
intervention hours,262290.1927,187177.132,-75113.06074,39004.38542,23363.31673,-15641.06869,51446.45599,34100.22078,-17346.23521,187.4333915,122.5026589,-64.93073263,0,-1423.930967,-867.3117605,NA,NA,NA
peak period,19216.95439,10736.26986,-8480.684526,4282.41769,4509.233341,226.8156513,4171.485723,2145.74382,-2025.741903,14.97799765,7.111367195,-7.86663045,-1.376660329,-172.5152058,-101.2870952,NA,NA,NA
other,0,0,0,0,0,0,0,0,0,0,0,0,0,0,0,NA,NA,NA
Total,262290.1927,187177.132,-75113.06074,39004.38542,23363.31673,-15641.06869,51446.45599,34100.22078,-17346.23521,187.4333915,122.5026589,-64.93073263,0,-1423.930967,-867.3117605,-0.007513403,0,2150.212281
,,,,,,,,,,,,,,,,,,
,,,,,,,,,,,,,,,,,,
12 to 15,64468.84279,81664.57374,17195.73095,,,,11229.67333,13083.83908,1854.165749,40.13803724,46.36155058,6.223513336,,,,,,
all other actually,178604.3956,94776.28841,-83828.10716,34721.96773,18854.08339,-15867.88434,36045.29694,18870.63789,-17174.65905,132.3173566,69.02974108,-63.28761552,1.376660329,-1251.415761,-766.0246653,#VALUE!,#VALUE!,#VALUE!