Time,Xinitial,Xfinal,Xchange,CustCostInitial,CustCostFinal,CustCostChange,CO2Initial,CO2Final,CO2Change,NOXInitial,NOXFinal,NOXChange,NOXChangeDAC,NOXChangeCost,CO2ChangeCost,RedCurtProp,SolarNonCurt,ChangeCurtCost
intervention hours,4972.958641,3545.531462,-1430.553452,739.5137176,445.5358921,-293.9778255,975.4123675,627.0716591,-348.3407084,3.553691787,2.317410153,-1.236281634,0,-27.11165624,-17.41703542,NA,NA,NA
peak period,364.3488091,209.8287108,-157.6463712,81.19360405,88.12805854,6.934454492,79.09036077,20.05392753,-59.03643324,0.283979214,0.124144081,-0.159835133,-0.027971148,-3.505184476,-2.951821662,NA,NA,NA
other,0,0,0,0,0,0,0,0,0,0,0,0,0,0,0,NA,NA,NA
Total,4972.958641,3545.531462,-1430.553452,739.5137176,445.5358921,-293.9778255,975.4123675,627.0716591,-348.3407084,3.553691787,2.317410153,-1.236281634,0,-27.11165624,-17.41703542,-0.001192409,0,43.33004073
