Time,Xinitial,Xfinal,Xchange,CustCostInitial,CustCostFinal,CustCostChange,CO2Initial,CO2Final,CO2Change,NOXInitial,NOXFinal,NOXChange,NOXChangeDAC,NOXChangeCost,CO2ChangeCost,RedCurtProp,SolarNonCurt,ChangeCurtCost
intervention hours,364.34880909090913,143.60628100671076,-220.74252808419837,81.19360404545455,47.93021068838267,-33.26339335707188,79.09036077461762,-11.05271954473216,-90.14308031934978,0.2839792141467864,0.060171896802667005,-0.2238073173441194,0,-4.908094469356539,-4.507154015967489,"NA","NA","NA"
peak period,364.34880909090913,143.60628100671076,-220.74252808419837,81.19360404545455,47.93021068838267,-33.26339335707188,79.09036077461762,-11.05271954473216,-90.14308031934978,0.2839792141467864,0.060171896802667005,-0.2238073173441194,-0.03916628053522089,-4.908094469356539,-4.507154015967489,"NA","NA","NA"
other,4608.609831818182,4625.862424837969,17.252593019787483,658.3201135454545,660.7845723324244,2.4644587869698853,896.322006709759,899.3737866572397,3.0517799474808007,3.2697125728815,3.280760136031791,0.011047563150290764,0,0.24227305988587644,0.15258899737404005,"NA","NA","NA"
Total,4972.958640909091,4769.46870584468,-203.48993506441087,739.5137175909091,708.7147830208071,-30.798934570102006,975.4123674843767,888.3210671125076,-87.09130037186898,3.5536917870282867,3.340932032834458,-0.21275975419382864,0,-4.665821409470662,-4.3545650185934495,-0.000242237964246348,0,8.80250370427485
