Time,Xinitial,Xfinal,Xchange,CustCostInitial,CustCostFinal,CustCostChange,CO2Initial,CO2Final,CO2Change,NOXInitial,NOXFinal,NOXChange,NOXChangeDAC,NOXChangeCost,CO2ChangeCost,RedCurtProp,SolarNonCurt,ChangeCurtCost
intervention hours,1222.3136727272727,1434.9335766261897,212.6199038989169,307.4133670909091,286.85650109474443,-20.556865996164674,212.91189132454693,235.8380783263861,22.92618700183919,0.7610074819829454,0.8379593028418493,0.0769518208589038,0,1.6875534314357603,1.1463093500919594,"NA","NA","NA"
peak period,364.34880909090913,394.30354682829187,29.954737737382725,81.19360404545455,89.79179706665516,8.598193021200615,79.09036077461762,92.12757875274963,13.037217978132013,0.2839792141467864,0.31434984346291495,0.030370629316128547,0.005314860130322495,0.666027900902699,0.6518608989066007,"NA","NA","NA"
other,3386.296159090909,1983.3044119234237,-1402.9917471674855,350.90674645454544,222.20714604683175,-128.6996004077137,683.4101153852121,403.68986789894586,-279.7202474862662,2.508705090898555,1.480952323101567,-1.0277527677969875,0,-22.538618197787937,-13.986012374313312,"NA","NA","NA"
Total,4972.958640909091,3812.5415353779053,-1160.4171055311858,739.5137175909091,598.8554442082313,-140.65827338267775,975.4123674843767,731.6555249780816,-243.756842506295,3.5536917870282867,2.633261469406331,-0.9204303176219553,0,-20.18503686544948,-12.18784212531475,-0.00122076597736311,0,44.3604992769149
