Time,Xinitial,Xfinal,Xchange,CustCostInitial,CustCostFinal,CustCostChange,CO2Initial,CO2Final,CO2Change,NOXInitial,NOXFinal,NOXChange,NOXChangeDAC,NOXChangeCost,CO2ChangeCost,RedCurtProp,SolarNonCurt,ChangeCurtCost
intervention hours,1222.3136727272727,1329.3904895027335,107.07681677546083,307.4133670909091,264.0252378520607,-43.38812923884842,212.91189132454693,224.45767363344578,11.545782308898842,0.7610074819829454,0.7997609376639538,0.03875345568100833,0,0.8498632830845128,0.5772891154449421,"NA","NA","NA"
peak period,364.34880909090913,362.80881687027465,-1.5399922206345236,81.19360404545455,80.85042323773554,-0.3431808077190084,79.09036077461762,78.45660393660356,-0.6337568380140729,0.2839792141467864,0.2824178406741606,-0.0015613734726258133,-2.732403577095173e-4,-0.03424092025468409,-0.031687841900703645,"NA","NA","NA"
other,3386.296159090909,1935.298969397056,-1450.9971896938532,350.90674645454544,210.5744507002946,-140.33229575425085,683.4101153852121,396.50398577412756,-286.9061296110845,2.508705090898555,1.4557556298555319,-1.0529494610430228,0,-23.09118168067349,-14.345306480554227,"NA","NA","NA"
Total,4972.958640909091,3627.498275770064,-1345.460365139027,739.5137175909091,555.4501117900908,-184.06360580081832,975.4123674843767,699.4182633441769,-275.99410414019974,3.5536917870282867,2.5379344081936464,-1.0157573788346403,0,-22.275559317843662,-13.799705207009987,-0.00170741908013727,0,62.044621388798
