Time,Xinitial,Xfinal,Xchange,CustCostInitial,CustCostFinal,CustCostChange,CO2Initial,CO2Final,CO2Change,NOXInitial,NOXFinal,NOXChange,NOXChangeDAC,NOXChangeCost,CO2ChangeCost,RedCurtProp,SolarNonCurt,ChangeCurtCost
intervention hours,1718.3247454545453,2042.205664744876,323.8809192903306,180.88288672727273,112.4939361251471,-68.38895060212563,299.80233334086955,334.7254726416372,34.923139300767644,1.0716178481336862,1.1888374782050815,0.11721963007139502,0,2.5706264874656926,1.7461569650383824,"NA","NA","NA"
peak period,628.6043727272727,616.8805729210707,-11.723799806202015,64.13352136363636,62.93739769992098,-1.1961236637153831,136.37134262858316,131.50303336648022,-4.868309262102941,0.48961884192479094,0.4777322688820796,-0.011886573042711323,-0.0020801502824744815,-0.2606725468266593,-0.24341546310514706,"NA","NA","NA"
other,3482.846027272727,3417.889130134999,-64.95689713772794,295.896885,290.37825357850994,-5.518631421490056,675.786431037083,663.1826612051098,-12.603769831973306,2.4681313739097046,2.4220994349373712,-0.04603193897233334,0,-1.0094804216632702,-0.6301884915986653,"NA","NA","NA"
Total,5829.775145454545,6076.975367800946,247.20022234640064,540.9132930909091,465.809587403578,-75.10370568733106,1111.9601070065357,1129.4111672132271,17.451060206691402,4.029368063968182,4.088669182024532,0.059301118056350355,0,1.3004735189757632,0.8725530103345701,0.000573329233658689,0,-32.6691883941842
