Time,Xinitial,Xfinal,Xchange,CustCostInitial,CustCostFinal,CustCostChange,CO2Initial,CO2Final,CO2Change,NOXInitial,NOXFinal,NOXChange,NOXChangeDAC,NOXChangeCost,CO2ChangeCost,RedCurtProp,SolarNonCurt,ChangeCurtCost
intervention hours,1222.3136727272727,1333.386831956873,111.07315922960032,307.4133670909091,264.6913392408745,-42.72202785003458,212.91189132454693,224.8885876388935,11.97669631434656,0.7610074819829454,0.8012073019176409,0.04019981993469541,0,0.8815820511678704,0.598834815717328,"NA","NA","NA"
peak period,364.34880909090913,363.0137463977335,-1.3350626931756309,81.19360404545455,80.89609092346569,-0.2975131219888567,79.09036077461762,78.54093909596205,-0.549421678655571,0.2839792141467864,0.2826256154431787,-0.0013535987036076814,-2.3687977313134422e-4,-0.02968441957011645,-0.027471083932778553,"NA","NA","NA"
other,3386.296159090909,1936.3921068425884,-1449.9040522483208,350.90674645454544,210.6933919185626,-140.21335453598283,683.4101153852121,396.727947736081,-286.68216764913115,2.508705090898555,1.4565779012542686,-1.052127189644286,0,-23.073149268899193,-14.334108382456558,"NA","NA","NA"
Total,4972.958640909091,3632.792685197195,-1340.1659557118962,739.5137175909091,556.2808220829028,-183.23289550800632,975.4123674843767,700.1574744709364,-275.25489301344015,3.5536917870282867,2.540410818615088,-1.0132809684131985,0,-22.221251637301442,-13.762744650672008,-0.00169348085897171,0,61.5381308235289
