Time,Xinitial,Xfinal,Xchange,CustCostInitial,CustCostFinal,CustCostChange,CO2Initial,CO2Final,CO2Change,NOXInitial,NOXFinal,NOXChange,NOXChangeDAC,NOXChangeCost,CO2ChangeCost,RedCurtProp,SolarNonCurt,ChangeCurtCost,PropDemandChange,PropCO2Change,PropNOXChange,PropCustCostChange
intervention hours,262290.1927466062,186683.8683811859,-75606.32436542027,39004.38542360776,23283.326816319415,-15721.058607288345,51446.455993072785,33992.18343003457,-17454.27256303821,187.43339148529225,122.13299525115103,-65.30039623414123,0,-1432.0376894147173,-872.7136281519105,"NA","NA","NA",-0.288254484751026,-0.3392706499625243,-0.3483925447684454,-0.4030587442040051
peak period,19216.954385524714,10679.214318719243,-8537.740066805469,4282.417689880644,4485.270013862082,202.85232398143853,4171.485723070646,2126.423940222331,-2045.0617828483148,14.977997645476897,7.067207683996768,-7.910789961480128,-1.3843882432590222,-173.4836238552592,-102.25308914241575,"NA","NA","NA",-0.44428164294528233,-0.4902478202281698,-0.5281607160533273,0.04736864516060139
other,0,0,0,0,0,0,0,0,0,0,0,0,0,0,0,"NA","NA","NA",NaN,NaN,NaN,NaN
Total,262290.1927466062,186683.8683811859,-75606.32436542027,39004.38542360776,23283.326816319415,-15721.058607288345,51446.455993072785,33992.18343003457,-17454.27256303821,187.43339148529225,122.13299525115103,-65.30039623414123,0,-1432.0376894147173,-872.7136281519105,-0.0075910678306824,0,2172.43862973552,-0.288254484751026,-0.3392706499625243,-0.3483925447684454,-0.4030587442040051
