Time,Xinitial,Xfinal,Xchange,CustCostInitial,CustCostFinal,CustCostChange,CO2Initial,CO2Final,CO2Change,NOXInitial,NOXFinal,NOXChange,NOXChangeDAC,NOXChangeCost,CO2ChangeCost,RedCurtProp,SolarNonCurt,ChangeCurtCost
intervention hours,5829.775145454545,4421.164368817943,-1408.6107766366026,540.9132930909091,253.93836293613788,-286.9749301547712,1111.9601070065357,753.3586523000886,-358.60145470644716,4.029368063968182,2.696818849218884,-1.3325492147492977,0,-29.2228042794521,-17.93007273532236,"NA","NA","NA"
peak period,628.6043727272727,154.00421870004783,-474.6001540272249,64.13352136363636,44.66122342301386,-19.472297940622504,136.37134262858316,9.13700335862573,-127.23433926995743,0.48961884192479094,0.02371984147910383,-0.4658990004456871,-0.08153232507799524,-10.217165079773919,-6.361716963497872,"NA","NA","NA"
other,0,0,0,0,0,0,0,0,0,0,0,0,0,0,0,"NA","NA","NA"
Total,5829.775145454545,4421.164368817943,-1408.6107766366026,540.9132930909091,253.93836293613788,-286.9749301547712,1111.9601070065357,753.3586523000886,-358.60145470644716,4.029368063968182,2.696818849218884,-1.3325492147492977,0,-29.2228042794521,-17.93007273532236,-0.000477641229058665,0,27.2167375756678
