Time,Xinitial,Xfinal,Xchange,CustCostInitial,CustCostFinal,CustCostChange,CO2Initial,CO2Final,CO2Change,NOXInitial,NOXFinal,NOXChange,NOXChangeDAC,NOXChangeCost,CO2ChangeCost,RedCurtProp,SolarNonCurt,ChangeCurtCost
intervention hours,4972.958640909091,3539.319696764946,-1433.6389441441452,739.5137175909091,444.54148493693083,-294.97223265397827,975.4123674843767,647.0709619838888,-328.3414055004879,3.5536917870282867,2.3250611759603252,-1.2286306110679615,0,-26.943869300720394,-16.417070275024397,"NA","NA","NA"
peak period,364.34880909090913,209.13247223525363,-155.2163368556555,81.19360404545455,87.83563833880653,6.642034293351983,79.09036077461762,41.16316735285649,-37.92719342176114,0.2839792141467864,0.13586307331650832,-0.1481161408302781,-0.025920324645298667,-3.2481869684079987,-1.896359671088057,"NA","NA","NA"
other,0,0,0,0,0,0,0,0,0,0,0,0,0,0,0,"NA","NA","NA"
Total,4972.958640909091,3539.319696764946,-1433.6389441441452,739.5137175909091,444.54148493693083,-294.97223265397827,975.4123674843767,647.0709619838888,-328.3414055004879,3.5536917870282867,2.3250611759603252,-1.2286306110679615,0,-26.943869300720394,-16.417070275024397,-0.00119765067297787,0,43.520529567338
