Time,Xinitial,Xfinal,Xchange,CustCostInitial,CustCostFinal,CustCostChange,CO2Initial,CO2Final,CO2Change,NOXInitial,NOXFinal,NOXChange,NOXChangeDAC,NOXChangeCost,CO2ChangeCost,RedCurtProp,SolarNonCurt,ChangeCurtCost,PropDemandChange,PropCO2Change,PropNOXChange,PropCustCostChange
intervention hours,307481.51291503967,233588.53046459326,-73892.98245044638,28529.545919987795,12914.520203115444,-15615.025716872351,58648.43282508465,39888.46170639471,-18759.971118689948,212.52212263563723,141.77067177576654,-70.75145085987069,0,-1551.579317356964,-937.9985559344974,"NA","NA","NA",-0.24031682994503728,-0.31987165240442844,-0.3329133455963637,-0.5473282245944359
peak period,33154.66184007016,6527.383915682714,-26627.27792438745,3382.6128256139414,1892.9413355479871,-1489.6714900659542,7192.673079747503,478.2772599094085,-6714.395819838094,25.824107879036582,0.2938815919178097,-25.530226287118772,-4.467789600245784,-559.8778624765147,-335.71979099190474,"NA","NA","NA",-0.8031231943438546,-0.9335049355633721,-0.9886198743710959,-0.4403907768532688
other,0,0,0,0,0,0,0,0,0,0,0,0,0,0,0,"NA","NA","NA",NaN,NaN,NaN,NaN
Total,307481.51291503967,233588.53046459326,-73892.98245044638,28529.545919987795,12914.520203115444,-15615.025716872351,58648.43282508465,39888.46170639471,-18759.971118689948,212.52212263563723,141.77067177576654,-70.75145085987069,0,-1551.579317356964,-937.9985559344974,-0.00794132340513954,0,1633.54776375923,-0.24031682994503728,-0.31987165240442844,-0.3329133455963637,-0.5473282245944359
