Time,Xinitial,Xfinal,Xchange,CustCostInitial,CustCostFinal,CustCostChange,CO2Initial,CO2Final,CO2Change,NOXInitial,NOXFinal,NOXChange,NOXChangeDAC,NOXChangeCost,CO2ChangeCost,RedCurtProp,SolarNonCurt,ChangeCurtCost
intervention hours,1222.3136727272727,1338.7834217000354,116.46974897276277,307.4133670909091,265.58703177143224,-41.82633531947687,212.91189132454693,225.47048624459865,12.558594920051743,0.7610074819829454,0.8031604464706658,0.04215296448772025,0,0.9244145112157051,0.6279297460025872,"NA","NA","NA"
peak period,364.34880909090913,362.6354437682552,-1.713365322653944,81.19360404545455,80.81178776906852,-0.3818162763860329,79.09036077461762,78.38525527168156,-0.70510550293606,0.2839792141467864,0.2822420604599927,-0.0017371536867936714,-3.0400189518889245e-4,-0.038095780351385215,-0.035255275146803,"NA","NA","NA"
other,3386.296159090909,1934.374160599536,-1451.921998491373,350.90674645454544,210.47382484991178,-140.43292160463366,683.4101153852121,396.31451097974485,-287.0956044054672,2.508705090898555,1.4550599773311321,-1.0536451135674227,0,-23.10643734053358,-14.354780220273362,"NA","NA","NA"
Total,4972.958640909091,3635.7930260678268,-1337.1656148412642,739.5137175909091,556.8726443904126,-182.64107320049652,975.4123674843767,700.1702524960251,-275.24211498835155,3.5536917870282867,2.5404624842617904,-1.013229302766496,0,-22.220118609669257,-13.762105749417579,-0.00167966416647736,0,61.0360563974959
