Time,Xinitial,Xfinal,Xchange,CustCostInitial,CustCostFinal,CustCostChange,CO2Initial,CO2Final,CO2Change,NOXInitial,NOXFinal,NOXChange,NOXChangeDAC,NOXChangeCost,CO2ChangeCost,RedCurtProp,SolarNonCurt,ChangeCurtCost
intervention hours,1222.313673,1333.841214,111.5275418,307.4133671,264.776078,-42.63728914,212.9118913,224.9375824,12.02569106,0.761007482,0.801371753,0.040364271,0,0.885188462,0.601284553,NA,NA,NA
peak period,364.3488091,362.771854,-1.576955081,81.19360405,80.84218622,-0.351417826,79.09036077,78.44139252,-0.648968256,0.283979214,0.282380365,-0.00159885,-2.80E-04,-0.03506277,-0.032448413,NA,NA,NA
other,3386.296159,3371.639773,-14.65638641,350.9067465,349.3879706,-1.518775863,683.4101154,680.4522162,-2.957899209,2.508705091,2.497847047,-0.010858044,0,-0.238116895,-0.14789496,NA,NA,NA
Total,4972.958641,5068.252841,95.29420026,739.5137176,695.0062348,-44.50748282,975.4123675,983.8311911,8.418823598,3.553691787,3.581599165,0.027907378,0,0.612008797,0.42094118,0.000324456,0,-11.79015609