Time,Xinitial,Xfinal,Xchange,CustCostInitial,CustCostFinal,CustCostChange,CO2Initial,CO2Final,CO2Change,NOXInitial,NOXFinal,NOXChange,NOXChangeDAC,NOXChangeCost,CO2ChangeCost,RedCurtProp,SolarNonCurt,ChangeCurtCost
intervention hours,262290.1927466062,186847.0947668755,-75952.56819536563,39004.38542360776,23315.12066167795,-15689.264761929811,51446.455993072785,32688.01698078841,-18758.439012284376,187.43339148529225,121.00776021923113,-66.42563126606113,0,-1456.7140936647206,-937.9219506142189,"NA","NA","NA"
peak period,19216.954385524714,10712.200493009195,-9014.224108150478,4282.417689880644,4499.124207063863,216.70651718321915,4171.485723070646,794.236630183357,-3377.249092887289,14.977997645476897,5.838620049808858,-9.139377595668039,-1.5993910792419068,-200.4265506730001,-168.86245464436445,"NA","NA","NA"
other,0,0,0,0,0,0,0,0,0,0,0,0,0,0,0,"NA","NA","NA"
Total,262290.1927466062,186847.0947668755,-75952.56819536563,39004.38542360776,23315.12066167795,-15689.264761929811,51446.455993072785,32688.01698078841,-18758.439012284376,187.43339148529225,121.00776021923113,-66.42563126606113,0,-1456.7140936647206,-937.9219506142189,-0.00762446107090295,0,2181.99522528245
