Time,Xinitial,Xfinal,Xchange,CustCostInitial,CustCostFinal,CustCostChange,CO2Initial,CO2Final,CO2Change,NOXInitial,NOXFinal,NOXChange,NOXChangeDAC,NOXChangeCost,CO2ChangeCost,RedCurtProp,SolarNonCurt,ChangeCurtCost
intervention hours,364.34880909090913,143.77753383993468,-220.57127525097445,81.19360404545455,47.98253744171886,-33.21106660373569,79.09036077461762,-10.983565265346872,-90.07392603996449,0.2839792141467864,0.06034552731022742,-0.223633686836559,0,-4.9042867523257385,-4.503696301998224,"NA","NA","NA"
peak period,364.34880909090913,143.77753383993468,-220.57127525097445,81.19360404545455,47.98253744171886,-33.21106660373569,79.09036077461762,-10.983565265346872,-90.07392603996449,0.2839792141467864,0.06034552731022742,-0.223633686836559,-0.03913589519639782,-4.9042867523257385,-4.503696301998224,"NA","NA","NA"
other,4608.609831818182,4626.58341405845,17.973582240267852,658.3201135454545,660.8875625448339,2.567448999379394,896.322006709759,899.501321135268,3.1793144255090144,3.2697125728815,3.281221815846228,0.011509242964727951,0,0.25239769821648395,0.15896572127545072,"NA","NA","NA"
Total,4972.958640909091,4770.360947898384,-202.5976930107066,739.5137175909091,708.8700999865528,-30.643617604356336,975.4123674843767,888.5177558699212,-86.89461161445548,3.5536917870282867,3.3415673431564556,-0.21212444387183102,0,-4.651889054109255,-4.344730580722774,-0.000240760625402376,0,8.7488197960279
